,ID,Recency,Frequency,Wines,Fruits,Meat,Fish,Sweets,Gold
0,5524,58,32,635,88,546,172,88,88
1,2174,38,11,11,1,6,2,1,6
2,4141,26,25,426,49,127,111,21,42
3,6182,26,14,11,4,20,10,3,5
4,5324,94,24,173,43,118,46,27,15
5,7446,16,28,520,42,98,0,42,14
6,965,34,27,235,65,164,50,49,27
7,6177,32,18,76,10,56,3,1,23
8,4855,19,15,14,0,24,3,3,2
9,5899,68,22,28,0,6,1,1,13
11,387,59,14,6,16,11,11,1,16
12,2125,82,18,194,61,480,225,112,30
13,8180,53,21,233,2,53,3,5,14
14,2569,38,13,3,14,17,6,1,5
15,2114,23,29,1006,22,115,59,68,45
16,9736,51,17,53,5,19,2,13,4
17,4939,20,20,84,5,38,150,12,28
18,6565,91,31,1012,80,498,0,16,176
19,2278,86,14,4,17,19,30,24,39
20,9360,41,20,86,2,73,69,38,48
21,5376,42,44,1,1,1725,1,1,1
22,1993,63,25,867,0,86,0,0,19
23,4047,0,24,384,0,102,21,32,5
24,1409,69,28,270,3,27,39,6,99
25,7892,89,15,6,4,25,15,12,13
26,2404,4,21,173,4,30,3,6,41
28,9422,26,12,36,2,42,20,21,10
29,1966,96,28,684,100,801,21,66,0
30,6864,34,13,8,4,10,2,2,4
31,3033,56,14,112,17,44,34,22,89
32,5710,31,14,110,0,5,2,0,3
33,7373,8,23,96,12,96,33,22,43
34,8755,4,25,482,34,471,119,68,22
35,10738,55,13,40,0,19,2,1,3
36,4339,37,30,702,17,151,0,8,35
37,10755,76,16,6,3,14,15,7,36
38,8595,99,12,55,0,6,2,0,4
39,2968,53,30,437,8,206,160,49,42
40,8601,3,25,421,76,536,82,178,102
41,503,88,15,13,1,29,3,0,7
42,8430,4,9,9,0,6,3,1,3
44,2139,19,13,3,1,10,3,2,12
45,1371,72,17,123,164,266,227,30,174
46,9909,24,19,3,18,14,15,22,50
47,7286,92,15,13,6,15,3,5,13
49,6566,39,36,826,50,317,50,38,38
50,8614,29,19,245,19,125,37,67,14
51,4114,2,32,650,37,780,27,167,32
52,1331,54,14,12,6,20,30,1,3
53,2225,54,22,510,120,550,156,40,241
54,9381,57,26,328,9,124,12,24,109
55,6260,55,28,984,51,432,180,120,190
56,10383,30,24,295,35,482,121,120,40
57,7437,31,9,13,0,8,2,1,5
59,8375,63,26,447,0,28,0,0,43
60,6853,12,22,712,26,538,69,13,80
61,3076,18,25,452,18,102,16,18,6
62,1012,26,31,523,7,134,37,14,169
63,6518,8,24,546,0,48,0,6,6
64,4137,29,20,398,40,367,119,122,30
65,8082,75,12,1,3,6,3,6,15
66,1386,0,11,10,0,1,0,0,0
67,9369,19,37,688,14,309,201,24,38
68,4477,4,22,247,49,159,7,82,109
69,1357,90,24,856,59,487,58,29,73
70,1402,1,24,496,36,460,189,60,12
72,6312,29,37,258,107,291,84,37,86
73,8132,88,31,565,6,65,0,6,19
74,1050,58,10,14,10,13,4,15,9
75,5846,68,10,2,1,6,2,1,1
76,1859,34,24,721,111,925,97,18,18
77,7503,40,26,1032,105,779,137,105,51
78,10401,12,7,1,0,5,0,3,9
79,1618,9,29,577,0,64,0,0,51
80,3332,87,20,64,4,68,7,5,17
81,2261,5,11,4,1,5,2,0,4
82,5346,87,16,25,5,19,7,0,23
83,4119,56,14,112,17,44,34,22,89
84,535,18,28,163,23,424,27,65,76
85,5268,95,14,17,8,14,10,4,3
86,273,48,20,130,0,16,0,0,5
87,4452,3,24,292,6,37,0,3,34
88,8504,70,21,350,60,568,110,133,145
89,771,79,12,135,9,39,4,0,7
93,11178,69,12,15,2,10,0,1,4
94,2230,84,15,27,2,14,0,0,0
95,7516,30,12,5,3,11,12,5,9
96,7247,72,28,505,0,26,0,0,75
97,11100,37,14,51,2,7,0,1,2
98,4646,44,27,207,26,447,75,0,223
99,3037,32,21,135,46,92,65,61,11
100,1473,0,15,53,1,5,2,1,10
101,1016,43,13,41,1,6,2,0,5
102,4518,59,32,386,172,183,185,132,111
103,9370,68,20,562,81,276,80,40,81
104,8908,35,21,217,76,690,50,26,38
105,8373,94,10,1,3,6,10,0,9
106,7533,15,20,144,1,32,2,1,7
107,2683,56,32,295,106,271,75,98,65
108,3629,17,16,76,3,31,4,4,27
109,10991,18,16,454,194,106,31,22,43
110,5077,46,27,425,115,292,23,35,79
111,7431,40,26,1332,17,311,23,51,86
112,3267,27,26,527,0,21,0,0,60
113,999,95,28,490,44,125,29,20,22
114,9215,19,28,378,0,101,0,0,72
115,2286,27,14,64,1,21,0,1,27
116,1592,25,16,547,99,812,151,82,33
117,367,74,29,47,90,94,123,103,120
118,5234,85,12,12,5,25,0,9,30
119,9862,37,13,1,6,7,11,5,3
120,9805,65,26,320,48,133,39,72,48
121,6205,13,14,34,3,29,0,4,10
122,8442,63,13,9,0,7,3,4,7
123,7386,83,12,17,0,14,7,3,2
124,7215,69,29,722,27,102,44,72,168
125,1491,87,17,162,33,124,40,28,172
126,11071,37,17,450,133,951,173,0,216
127,3381,51,14,70,0,16,0,0,4
129,11051,72,27,492,19,110,16,12,12
130,8026,10,24,120,58,73,65,89,58
131,433,42,31,534,5,47,0,5,41
132,9597,10,23,236,106,189,23,41,130
134,5290,51,24,220,0,33,3,0,23
135,1685,21,26,796,14,590,38,44,0
136,5342,31,14,0,1,3,10,6,9
137,9579,61,17,53,1,34,2,0,16
138,7660,37,11,15,0,8,4,2,20
139,1461,74,14,17,1,12,3,1,4
140,821,46,24,962,61,921,52,61,20
141,11084,4,24,738,0,232,13,20,50
142,8690,73,25,399,28,756,36,40,126
143,2937,47,31,614,16,132,43,33,33
144,9701,13,19,32,34,41,73,16,116
145,9949,36,23,598,16,141,32,41,49
146,10837,47,12,2,1,18,20,11,16
147,3120,49,12,6,1,10,0,1,4
148,5885,94,24,73,3,90,12,1,32
149,4050,65,11,42,16,29,12,20,8
150,3830,59,19,295,21,78,39,13,13
151,7987,96,25,346,17,48,23,13,13
152,7798,28,24,233,20,57,8,20,91
153,92,12,17,5,7,24,19,14,20
154,7055,57,31,888,0,57,0,0,76
155,10240,10,25,997,26,269,34,13,42
156,3025,4,22,212,6,69,4,12,3
157,9283,49,8,8,1,7,2,0,0
158,9970,3,11,42,11,57,10,28,14
159,2730,64,19,536,11,387,149,91,57
160,2795,0,11,5,0,3,0,0,5
161,9260,20,33,1349,16,249,43,16,33
162,8182,91,19,53,3,49,7,4,5
163,10095,9,22,1001,12,240,16,12,12
164,8475,98,37,20,2,1582,1,2,1
165,4370,83,15,18,1,32,6,3,28
166,10573,27,21,125,16,98,134,21,27
167,3712,63,16,212,5,33,7,0,2
168,6637,46,16,277,162,305,173,76,124
169,3152,84,14,15,10,19,8,17,20
170,5610,58,13,7,3,10,8,1,7
171,6460,78,15,12,4,6,11,8,16
172,1349,4,14,85,7,24,2,3,27
173,1880,17,13,81,0,6,0,0,6
174,641,77,11,59,0,12,0,0,48
175,8717,56,33,1149,71,449,69,71,26
176,10314,79,29,847,66,119,86,89,111
177,10854,90,14,29,0,14,0,0,2
178,10492,96,6,2,0,5,2,0,1
179,6935,44,27,207,26,447,75,0,223
180,7698,81,15,152,3,22,2,5,7
181,3559,77,15,12,11,10,3,12,9
182,10562,21,26,620,26,195,34,17,141
183,10796,16,12,47,1,6,0,0,12
184,2563,80,12,1,9,7,2,14,10
185,3518,45,14,10,1,18,10,4,7
186,5823,63,12,35,0,2,0,0,2
187,3934,34,23,356,0,107,19,9,117
188,6982,14,26,783,30,537,140,76,15
189,6431,13,14,42,1,18,3,0,4
190,9733,52,11,1,4,10,29,0,36
191,5602,98,31,466,22,432,147,113,102
193,1324,93,16,23,3,21,3,19,22
194,326,38,22,235,6,45,8,9,12
195,7224,24,14,10,0,10,3,1,7
196,6999,80,26,656,16,106,32,16,8
197,9938,82,19,519,17,813,27,173,51
198,6422,20,19,344,189,482,50,33,172
199,3182,81,23,96,1,79,7,1,79
200,7300,50,24,448,4,34,6,4,39
201,10424,60,19,265,138,553,224,23,92
202,8727,63,35,587,43,337,42,87,54
203,2798,54,30,763,29,138,76,176,58
204,1030,72,13,22,0,13,0,0,3
205,624,5,10,6,4,1,7,2,15
206,5176,88,14,7,6,13,7,6,14
207,5552,50,23,81,18,113,47,13,21
208,868,99,12,54,0,7,0,0,4
209,380,17,37,1170,48,320,42,32,192
210,2677,11,19,72,24,68,65,4,8
211,6521,18,21,613,22,319,33,102,12
212,6927,70,27,224,0,30,0,0,10
213,2877,21,33,410,0,59,19,9,44
214,0,66,18,239,10,554,254,87,54
215,1584,79,28,171,7,171,25,19,89
216,7264,2,12,12,0,4,0,0,1
217,6274,81,28,1076,16,417,42,48,16
218,1377,24,19,182,4,33,0,0,66
219,454,48,34,824,32,162,42,32,43
220,1755,93,10,30,11,25,29,1,18
221,2075,56,17,377,10,540,80,30,10
222,4785,3,25,520,7,154,19,0,14
223,9076,44,21,155,1,25,0,1,3
224,7079,38,38,897,23,207,15,11,92
225,4653,46,20,131,0,16,2,1,39
226,7375,84,24,297,7,79,0,11,182
227,709,27,26,787,20,204,0,0,92
228,460,72,19,792,86,740,67,51,17
229,3726,66,12,4,1,9,3,0,0
230,6798,30,30,231,7,137,4,15,39
231,5341,2,21,983,76,184,180,138,27
232,1606,65,12,3,1,8,4,3,3
233,9617,37,8,0,4,5,6,0,4
234,3233,89,34,562,21,464,28,10,32
235,89,49,14,5,9,20,6,8,21
236,2936,46,12,18,0,4,0,0,1
237,9449,32,22,415,5,124,15,35,11
238,7297,54,18,5,3,10,12,7,20
240,313,98,25,901,61,757,186,163,20
241,9940,97,19,382,114,276,75,124,38
242,10735,75,14,14,1,7,2,1,1
243,9529,8,24,559,153,503,218,13,181
244,6439,37,38,789,0,133,0,28,152
245,7411,31,12,11,0,5,0,0,1
246,2176,40,22,1218,16,272,104,0,80
247,9265,74,26,925,64,179,133,12,77
248,8867,90,23,864,134,768,150,38,172
249,8932,57,31,960,28,183,220,70,70
250,10236,59,15,16,3,25,6,1,13
251,6340,52,12,3,3,7,0,2,11
252,10089,5,31,168,148,444,32,172,148
253,2227,92,17,45,47,52,21,20,25
254,10992,77,34,650,28,353,45,42,30
255,5304,35,12,24,0,8,0,0,1
256,309,48,25,918,21,118,13,10,21
257,3406,97,19,138,33,87,28,24,12
258,2661,95,15,12,4,2,10,6,10
259,3153,24,12,11,0,4,0,0,2
260,10264,60,13,1,2,8,4,3,13
261,1184,46,30,554,41,215,11,0,24
262,4200,85,20,167,2,62,24,13,7
263,9396,31,13,9,0,6,4,1,5
264,2387,9,25,177,2,71,3,2,20
265,6690,30,18,38,4,22,4,2,20
266,1225,47,20,483,84,398,205,84,241
267,9703,70,18,77,2,35,0,1,69
268,291,13,14,182,74,298,162,149,116
269,4557,11,14,10,7,19,8,2,21
270,2379,31,21,778,44,499,95,73,146
271,5726,15,15,16,7,23,0,8,6
272,3066,2,17,167,0,43,6,2,13
273,6336,55,16,13,2,14,8,7,4
274,10967,38,16,33,6,40,3,7,10
275,2304,86,27,625,7,99,10,22,7
276,3445,56,28,216,162,224,101,92,162
277,7828,29,13,68,129,396,188,22,15
278,3762,30,18,196,0,512,33,130,54
279,4391,64,28,635,15,100,20,7,131
280,4669,46,17,4,19,9,28,25,17
281,10144,84,24,297,7,79,0,11,182
282,8652,20,20,84,5,38,150,12,28
283,1672,74,17,204,7,149,20,15,66
284,8962,18,12,26,0,8,0,0,3
285,9974,75,14,15,6,20,4,5,20
286,10983,17,26,304,98,230,150,74,74
287,8148,88,38,285,28,242,55,114,135
288,10102,19,25,395,183,565,166,141,28
289,4697,62,24,248,3,81,4,3,51
290,9262,11,12,20,6,5,0,9,12
291,7254,74,17,39,0,56,20,8,14
292,4543,32,23,777,129,573,216,21,203
293,4927,76,18,8,3,22,21,1,13
294,10451,6,10,9,1,3,0,4,8
295,2926,62,31,1241,0,80,0,13,40
296,2874,20,12,6,4,7,4,3,8
297,9738,43,15,65,4,16,0,4,11
298,7119,45,13,395,15,263,60,54,38
299,3924,34,33,801,0,80,0,0,35
300,5827,53,16,36,0,12,2,2,10
301,5596,44,27,513,14,154,19,0,28
302,10812,89,11,37,0,46,4,3,0
303,1717,43,21,80,15,93,20,13,52
304,9491,68,17,14,1,21,2,3,25
305,9274,44,25,525,147,112,219,147,63
306,6609,64,16,1,26,25,17,23,15
307,6963,85,19,675,11,400,15,45,11
308,4440,93,25,509,0,27,0,0,10
309,1379,12,15,154,2,46,20,4,15
310,10032,86,17,3,5,14,2,12,17
311,2826,28,14,25,0,8,2,0,2
313,6320,42,26,768,44,561,77,44,14
314,3050,13,20,185,0,28,3,2,17
315,231,86,12,24,0,7,0,0,1
316,2392,59,15,44,4,21,6,0,27
317,9478,30,18,91,64,128,65,3,50
318,113,33,11,11,0,7,3,1,6
320,1802,23,23,412,5,119,38,29,77
321,520,81,11,3,3,7,6,2,9
322,8275,6,11,16,0,3,0,0,1
323,9750,41,30,731,60,353,78,12,73
324,2607,78,32,424,17,118,7,23,41
325,7214,49,21,792,0,275,45,45,126
326,5835,39,17,21,2,28,3,2,9
327,3896,3,12,22,1,11,0,1,2
328,10350,37,9,33,0,5,0,0,0
329,7786,22,20,68,7,59,10,5,11
330,2861,79,12,9,1,6,3,0,4
331,663,46,10,40,2,15,8,0,6
332,10675,82,24,909,11,218,0,0,23
333,2521,10,12,23,1,13,2,2,18
334,9592,51,15,11,2,9,3,0,8
335,10151,38,25,317,46,247,151,46,139
336,7381,10,26,797,153,293,72,97,30
337,4099,14,13,10,2,16,11,2,21
338,9560,18,25,856,61,570,40,25,122
340,10172,95,24,456,19,832,75,118,38
341,11191,11,14,37,32,38,11,3,18
342,9707,65,28,1103,0,45,0,0,34
343,6245,71,21,378,14,68,19,14,14
344,8234,13,12,1,6,7,0,1,3
345,1411,58,17,204,34,204,172,153,173
346,8553,65,12,30,0,9,0,0,3
347,1826,0,16,189,104,379,111,189,218
348,8842,33,15,15,0,12,7,3,7
349,11030,90,10,9,0,3,0,0,4
350,2579,95,30,495,33,255,11,33,8
351,175,93,26,656,80,455,52,107,93
352,9185,38,21,452,20,514,13,30,0
353,11056,18,19,546,91,410,119,0,22
354,9365,57,30,1048,0,217,0,0,12
355,6201,45,14,22,2,14,0,1,10
356,2061,61,13,78,0,11,0,0,10
357,6184,6,16,561,64,785,84,128,48
358,6142,65,16,629,17,177,69,0,8
359,4107,52,21,269,15,69,15,19,38
360,7274,87,24,736,163,818,212,163,61
361,9336,38,25,512,0,83,0,0,41
362,2958,53,14,19,3,10,11,8,6
363,933,31,13,9,0,6,4,1,5
364,5837,67,29,247,8,160,6,8,65
365,10704,65,23,404,0,92,28,27,142
366,5125,64,28,333,0,815,129,42,29
367,4432,82,14,2,3,20,6,11,9
368,5955,27,19,833,33,549,151,133,233
369,2928,63,24,789,0,142,12,9,38
370,5680,66,11,10,4,7,0,6,3
371,10313,69,24,159,4,45,6,2,38
372,2557,52,9,7,1,6,3,1,11
373,1245,45,31,977,12,253,16,12,101
374,1519,2,17,38,4,22,3,3,3
375,10703,86,19,57,0,27,0,0,36
376,1726,23,14,3,9,15,13,2,39
377,4459,13,13,10,4,14,4,4,1
378,1729,14,26,1043,24,97,32,24,157
379,1517,92,12,3,9,13,2,12,12
380,2098,38,12,11,0,5,0,0,1
381,9543,74,11,3,6,5,0,2,6
382,6878,14,21,43,12,96,78,40,55
383,3310,94,24,73,3,90,12,1,32
384,2724,33,7,12,0,1,0,0,6
385,948,32,13,4,7,7,6,4,13
386,6720,11,24,314,11,53,4,3,107
387,6202,78,28,571,50,142,33,50,159
388,2066,56,13,70,0,11,2,8,23
389,9799,57,24,866,21,151,28,21,86
390,8318,7,20,594,134,786,33,134,57
391,5642,0,16,140,4,61,0,13,4
392,2669,66,18,375,152,335,93,91,81
393,455,86,16,102,9,63,2,9,24
394,7683,80,26,554,35,113,0,7,78
395,3428,56,26,919,0,505,99,30,45
396,7414,18,20,96,1,42,12,3,32
397,6354,51,14,5,2,16,3,2,19
398,798,71,12,2,0,6,8,6,5
399,8213,71,18,6,4,9,6,36,35
400,2488,80,16,23,1,25,0,8,7
401,9999,2,28,610,105,125,137,42,21
402,7617,83,18,67,5,61,3,8,19
403,615,29,18,65,36,74,38,20,110
404,2552,11,31,416,0,26,0,0,4
405,194,55,11,23,0,11,3,2,2
406,3645,19,17,19,3,26,10,9,3
407,8890,1,20,155,7,80,13,7,10
408,5049,19,15,14,0,24,3,3,2
409,9973,28,26,370,9,92,6,9,4
410,7301,76,16,4,22,11,3,7,32
411,10882,50,21,407,53,221,58,150,26
412,7030,1,41,1200,0,204,38,29,14
413,7422,90,23,85,44,54,102,78,6
414,3523,83,22,583,34,309,0,22,125
415,7106,73,20,483,0,591,156,0,12
416,6504,24,14,2,5,9,28,6,28
417,5067,11,26,966,26,282,52,26,26
418,4216,33,29,822,114,108,179,137,114
419,8581,4,37,604,0,100,19,0,28
420,5929,14,14,19,3,19,3,1,3
421,3129,30,12,5,3,11,12,5,9
422,6528,75,12,2,2,2,2,1,1
423,1361,26,17,1076,68,103,29,91,68
424,6932,77,24,1285,42,716,55,0,21
425,7284,8,12,10,0,7,2,0,1
426,1340,42,28,551,137,792,179,103,33
427,8746,28,25,800,0,297,0,34,57
428,5987,52,12,2,2,11,10,6,12
429,3767,1,27,378,0,189,97,172,172
430,3725,1,20,1248,16,349,43,16,16
431,4324,42,29,235,0,235,19,4,191
432,238,76,46,515,47,181,149,95,95
433,6694,27,29,438,66,400,12,38,114
434,498,28,12,25,0,22,2,3,5
435,9347,49,10,31,0,7,2,0,6
436,9699,12,28,357,35,271,28,28,14
437,10664,14,25,400,4,35,6,0,22
438,5455,89,17,99,0,15,2,1,5
439,456,96,15,1,11,5,4,6,9
440,5012,56,13,5,4,13,8,0,4
441,7495,72,14,77,28,31,16,0,4
442,5029,14,9,3,1,2,4,3,1
443,10642,13,13,10,4,14,4,4,1
444,2106,99,13,0,6,3,7,6,12
445,10364,72,12,0,0,1,2,12,5
446,5954,92,19,76,14,74,13,5,10
447,1137,87,18,398,190,537,61,156,37
448,2541,7,15,14,7,11,11,0,5
449,1142,91,19,208,7,82,30,66,35
450,2276,71,30,430,16,322,43,24,33
451,2807,24,34,656,38,161,62,47,37
452,6471,17,12,14,2,30,8,2,3
453,6131,87,19,141,70,106,72,19,23
454,6233,21,34,507,19,364,25,47,9
455,4148,90,27,164,24,103,12,3,42
456,4947,44,28,606,24,974,197,194,64
457,3225,71,20,116,11,72,3,17,46
458,7540,52,15,143,15,60,24,23,5
459,10648,78,22,398,96,447,220,96,32
460,1992,2,23,522,0,257,32,16,66
461,7851,60,23,161,0,253,199,191,122
462,8594,25,15,112,0,6,2,1,14
463,7059,47,20,483,84,398,205,84,241
464,2815,46,16,7,5,39,17,15,37
465,2416,83,21,789,25,420,16,38,0
466,7999,17,19,1239,17,413,23,34,17
467,9213,13,12,4,1,5,2,0,3
468,9697,86,26,335,42,127,28,5,5
469,3916,92,32,639,8,166,11,8,58
470,2021,47,37,563,76,384,84,192,89
471,1581,18,12,2,0,8,2,2,3
472,564,81,36,746,8,125,11,8,8
473,6619,91,13,22,1,13,4,0,4
474,9081,58,10,4,1,6,4,1,9
475,178,40,31,478,0,193,110,75,117
476,916,67,9,20,3,4,2,0,2
477,5512,19,22,451,0,39,0,4,24
478,8970,93,24,371,22,39,6,0,92
479,10581,41,29,281,7,84,15,0,119
480,5300,60,13,19,7,19,0,1,24
481,5154,54,12,26,3,13,2,10,0
482,8346,26,21,138,15,35,25,11,72
483,1676,30,20,213,2,44,0,2,5
484,9286,93,22,407,28,100,120,74,18
485,2426,35,32,483,74,114,169,37,18
486,5172,4,24,738,0,232,13,20,50
487,5562,92,27,502,12,109,16,6,90
488,3436,24,12,11,0,5,2,1,1
489,3921,96,18,24,1,108,29,29,14
490,3403,11,27,1170,19,594,99,76,134
491,22,99,22,185,2,88,15,5,14
492,10965,72,28,983,20,389,240,50,40
493,9426,77,23,691,0,69,10,0,130
494,6605,85,27,504,13,131,8,0,26
495,3136,88,27,317,25,265,25,19,12
496,8737,22,9,29,1,9,2,0,2
497,11088,83,24,1396,0,322,46,35,17
498,716,63,30,529,0,356,63,28,0
499,466,9,23,388,14,218,91,14,21
500,9135,92,14,13,2,21,4,0,24
501,10623,2,10,28,0,4,0,0,0
502,8151,6,17,16,36,21,20,62,108
503,5140,66,29,1047,0,140,67,38,153
504,10160,49,10,31,0,7,2,0,6
505,4945,29,34,815,10,239,28,10,108
506,10584,77,27,225,162,387,106,36,29
507,6071,77,23,493,70,324,146,40,84
508,3386,71,15,34,4,66,3,10,20
509,8939,49,30,382,138,65,60,26,59
510,9925,97,19,127,1,56,0,1,31
511,4320,6,26,325,83,300,86,58,91
512,5389,93,23,238,17,68,8,10,6
513,6036,78,20,1168,92,408,72,129,55
514,182,62,25,284,0,55,0,6,52
515,203,47,24,1288,20,613,80,61,27
516,11025,9,19,65,0,46,4,3,20
517,10203,77,12,11,7,9,3,1,11
518,4607,24,19,227,23,389,42,21,75
519,3711,19,23,1035,134,670,25,38,0
520,3696,67,14,27,1,12,2,0,10
521,2532,95,18,982,73,351,56,14,175
522,9214,48,18,179,2,64,38,17,58
523,4943,73,22,1379,33,216,0,33,66
524,35,35,16,32,1,64,16,12,85
525,2258,76,13,8,4,15,7,6,2
526,4322,20,22,881,38,319,16,25,12
527,713,72,18,141,15,153,67,31,35
528,4702,20,25,1000,155,379,224,17,120
529,3281,69,25,206,10,67,30,27,71
530,702,80,24,162,61,83,97,57,61
531,2004,65,18,619,54,260,127,54,54
532,4769,52,30,456,4,24,0,0,9
533,4437,65,16,112,6,92,3,9,38
534,8724,57,13,11,3,22,2,2,6
535,10741,70,23,172,12,112,8,0,15
536,1991,0,12,78,0,11,0,0,7
537,6931,19,20,464,151,292,65,60,30
538,11096,50,14,99,4,32,37,54,6
539,304,67,16,19,3,19,4,5,26
540,3665,46,17,1,9,8,11,3,22
541,10591,37,18,63,10,83,7,19,19
542,5036,38,20,252,3,42,4,3,102
543,5547,9,23,1478,19,403,0,19,0
544,7822,56,23,198,18,252,32,108,54
545,8541,98,13,8,4,10,6,7,6
546,10955,68,15,416,46,925,60,107,46
547,4368,72,14,42,7,43,20,12,10
548,9671,47,18,14,3,21,2,1,28
549,2256,33,12,17,0,3,0,0,1
550,4279,87,10,15,4,10,3,4,18
551,5371,0,15,6,16,24,11,0,34
552,9240,73,24,458,0,24,6,4,34
553,9460,74,16,30,3,47,19,21,42
554,9504,4,26,179,28,520,111,123,47
555,8692,50,24,90,17,97,15,6,15
556,448,57,26,308,85,137,102,45,118
557,8314,30,21,557,129,761,29,185,111
558,8420,27,13,7,4,13,15,8,17
559,3174,61,26,1492,38,287,50,57,33
560,7685,4,12,30,8,12,8,8,12
561,3179,75,21,249,153,940,58,134,38
562,9780,12,30,465,25,132,136,0,37
563,10681,13,30,129,129,259,168,121,83
564,10232,9,18,174,18,81,28,6,24
565,4184,48,16,189,2,29,3,2,40
566,9120,80,27,747,10,161,65,40,42
567,891,60,9,6,0,2,2,0,1
568,10381,43,10,14,0,3,0,0,4
569,3525,19,11,12,0,4,0,0,1
570,6818,26,22,98,0,106,49,10,106
571,3526,58,13,32,0,5,0,0,1
572,8181,42,19,51,12,49,17,24,24
573,1029,27,17,200,5,44,0,10,20
574,7369,56,15,25,6,25,6,0,0
575,2574,27,26,1050,12,144,0,0,24
576,8159,10,18,117,0,22,13,0,30
577,1160,48,18,9,4,17,10,2,7
578,10242,39,13,56,0,11,0,0,8
579,5253,85,23,145,13,46,17,2,4
580,5966,64,21,203,0,10,0,0,2
581,5314,69,28,270,3,27,39,6,99
582,5081,54,13,9,0,16,6,6,10
583,5123,57,14,37,12,23,8,11,52
584,5756,64,13,46,0,7,0,0,2
585,8036,10,15,31,1,13,7,2,9
586,9058,65,25,1060,21,530,32,0,224
587,5057,74,22,264,47,188,54,47,11
588,254,4,25,399,4,30,6,4,30
589,4179,94,10,8,9,9,2,5,22
590,3710,41,14,19,0,35,6,4,17
591,7627,25,23,817,183,797,106,163,20
592,4501,94,21,292,127,635,132,127,165
593,6424,9,9,12,6,2,11,2,16
594,3075,47,16,130,30,168,20,34,0
595,4992,12,16,6,4,16,3,10,30
596,5252,80,13,16,12,18,7,1,13
597,7444,20,14,19,0,9,0,0,2
598,6919,39,15,4,7,15,13,9,15
599,3537,57,18,31,3,31,2,8,4
600,10277,27,12,36,0,2,0,0,4
601,2453,83,28,526,28,135,10,21,99
602,7972,79,18,400,32,519,71,75,54
603,895,69,25,410,16,114,0,5,49
604,1177,77,18,80,3,26,4,2,14
605,7141,15,22,88,10,46,2,3,64
606,7232,99,12,55,0,6,2,0,4
607,8477,61,12,5,1,13,3,5,1
608,2457,23,13,8,4,5,15,2,11
609,988,84,21,410,0,592,147,22,22
610,7930,74,18,101,13,76,20,18,40
611,4587,90,15,162,25,53,16,0,10
612,6682,41,13,2,8,1,4,7,15
613,6222,28,14,25,0,8,2,0,2
614,10299,73,30,389,91,248,64,49,41
615,3083,88,25,215,13,87,17,17,24
616,8953,94,14,27,0,5,0,0,3
617,1503,31,2,85,1,16,2,1,2
618,8650,31,9,5,6,10,6,5,10
619,10862,6,19,179,8,83,19,11,26
620,2782,23,23,352,0,27,10,0,15
621,6941,92,13,17,8,12,11,15,32
622,10972,52,15,625,35,169,58,17,35
623,10708,50,12,10,6,11,0,4,2
624,6583,54,24,390,22,323,104,35,107
625,3641,93,13,10,2,15,2,1,6
626,10156,56,23,215,63,507,231,31,190
627,4299,28,41,1001,17,572,93,125,17
628,3469,94,18,19,18,33,24,1,8
629,5063,76,21,41,5,129,10,3,3
630,10727,43,33,1181,107,199,39,30,30
631,9624,46,15,603,45,207,36,18,54
632,5156,13,30,129,129,259,168,121,83
633,4376,27,14,10,24,15,13,1,30
634,8923,12,24,514,22,732,42,198,79
635,8461,3,11,14,0,1,0,0,1
636,6945,72,37,387,20,713,38,54,163
637,944,6,18,121,103,69,8,44,48
638,1907,53,33,965,69,279,54,41,69
639,701,58,20,707,21,250,85,43,73
640,3856,78,28,571,50,142,33,50,159
641,4149,57,23,586,66,653,17,0,26
642,2131,37,29,1063,89,102,16,12,25
643,2942,20,20,305,3,27,4,3,144
644,1173,73,15,1200,105,758,0,42,147
645,4381,56,23,163,2,40,8,11,11
646,4611,36,33,1009,181,104,202,21,207
647,3376,9,15,125,6,73,8,4,19
648,4679,42,32,721,0,152,119,50,50
649,10928,28,22,315,4,62,41,31,146
650,4248,23,20,1000,19,711,125,115,38
651,6728,38,15,16,0,17,6,3,6
652,6661,63,38,757,80,217,29,80,11
653,4725,71,9,30,2,25,0,1,9
654,3277,9,23,219,3,100,26,0,17
655,5555,81,0,1,1,1,1,1,1
656,2564,87,16,111,3,28,2,6,15
657,946,92,17,45,47,52,21,20,25
658,3867,36,30,410,112,420,0,82,71
659,6940,86,18,100,1,39,6,1,76
660,55,83,28,509,0,65,7,11,5
661,7093,74,11,3,6,5,0,2,6
662,5084,87,28,445,53,213,104,98,151
663,1777,29,14,2,2,11,41,7,11
664,8162,88,11,4,1,11,6,2,2
665,10826,77,13,6,1,7,23,4,19
666,8754,25,11,14,0,3,0,0,3
667,1987,34,13,1,10,11,19,3,15
668,11007,43,13,26,0,6,0,0,2
669,7426,76,15,111,16,37,7,9,18
670,9153,81,33,418,61,428,80,51,10
671,10379,87,27,327,9,122,19,14,83
672,9204,33,20,371,159,194,58,106,141
673,3197,38,24,275,59,107,69,101,59
674,2920,63,24,789,0,142,12,9,38
675,6961,26,12,1,1,5,0,3,1
676,4673,17,26,1004,12,145,32,12,36
677,9937,75,18,187,81,149,25,43,91
678,8779,13,21,56,4,76,17,1,18
679,9596,19,22,365,32,117,34,110,6
680,2891,51,29,595,23,123,10,23,154
681,4910,81,37,1132,134,384,175,134,115
682,75,32,23,34,11,137,179,61,45
683,10120,84,17,116,6,82,6,6,41
684,6327,87,18,565,32,435,28,32,54
685,10142,99,24,372,18,126,47,48,78
686,9826,96,24,899,102,838,133,102,40
687,1501,21,44,55,16,1622,17,3,4
688,10767,40,22,760,40,480,0,40,26
689,7279,3,17,260,86,559,63,9,67
690,7230,98,28,459,0,24,6,0,4
691,143,73,15,466,0,224,119,49,99
692,450,90,15,67,15,80,17,11,80
693,9316,29,11,2,0,7,3,7,10
694,6379,3,16,67,1,20,0,2,31
695,9239,94,11,92,4,18,3,3,6
696,8315,65,10,4,2,11,2,0,4
697,2868,33,16,20,1,28,3,3,2
698,10888,46,26,273,11,178,62,83,29
699,1277,29,32,434,22,388,104,22,34
700,9977,99,24,321,11,309,33,26,34
701,10196,26,24,212,123,177,15,64,23
702,6384,30,29,909,12,278,0,12,242
703,8029,27,16,1184,32,352,21,16,16
704,968,24,19,112,19,21,16,14,5
705,6988,93,26,656,80,455,52,107,93
706,4472,34,8,23,0,8,6,2,18
707,6991,88,28,537,6,42,16,6,30
708,3336,96,21,712,0,45,0,0,191
709,4301,10,12,23,1,13,2,2,18
710,1940,26,12,1,3,4,2,2,6
711,1272,49,31,664,58,83,32,0,66
712,1388,11,14,6,10,21,19,14,42
713,1044,44,24,299,5,201,21,21,49
714,6969,75,20,99,13,66,43,8,4
715,10479,64,12,749,40,294,121,160,147
716,3619,19,19,345,25,501,63,138,80
717,1715,45,14,9,4,18,7,5,5
718,10159,77,37,440,81,368,0,122,174
719,1463,9,11,8,2,5,3,0,3
720,5114,1,20,670,9,249,0,28,9
721,4990,90,28,524,0,134,28,28,155
722,4329,43,13,6,0,6,2,1,1
723,10936,79,19,597,166,597,172,166,249
724,4692,19,21,7,0,12,13,7,32
725,7212,99,12,54,0,7,0,0,4
726,6086,62,26,445,25,706,80,76,48
727,437,41,24,294,142,218,164,58,151
728,11171,60,28,292,3,77,10,3,26
729,11101,17,30,412,22,132,59,28,183
730,5329,24,9,8,0,3,0,0,0
731,610,60,31,349,4,78,6,0,43
732,9384,57,26,328,9,124,12,24,109
733,5956,74,24,144,2,99,7,2,30
734,10430,22,19,1126,28,211,37,28,42
735,7875,46,28,967,0,617,43,50,0
736,7072,69,23,432,79,341,177,136,170
737,6255,29,15,138,39,63,55,18,21
738,6516,37,11,0,0,1,7,4,6
739,5564,26,24,509,133,497,78,24,97
740,5682,8,35,948,10,86,13,21,21
741,7458,26,16,39,2,25,4,3,24
742,5237,79,14,28,1,21,3,0,10
743,7761,71,15,13,11,24,13,8,40
744,5278,83,24,307,26,360,138,31,40
745,3560,57,21,901,31,345,75,31,191
746,7235,37,14,2,5,12,4,8,7
747,10548,30,25,283,17,372,138,106,44
748,2281,34,11,4,3,7,0,3,11
749,4073,0,34,769,80,252,15,34,65
750,6974,89,24,518,42,742,55,56,84
751,7938,92,20,350,8,66,17,4,4
752,7094,87,28,445,53,213,104,98,151
753,3667,20,33,778,178,689,41,27,44
754,7723,56,24,709,93,374,104,80,80
755,3870,28,28,359,35,314,93,116,89
756,4012,55,29,799,12,375,16,12,12
757,5909,25,28,895,10,101,13,0,152
758,10470,0,12,40,2,23,0,4,23
759,6488,86,13,76,0,7,0,0,16
760,10270,8,15,11,5,22,12,5,11
761,6887,33,25,245,16,223,21,43,16
762,6406,13,24,647,107,391,175,67,40
763,7573,12,13,39,1,9,2,1,34
764,4508,92,20,203,35,305,46,17,227
765,221,90,18,138,3,38,4,0,59
766,5331,8,19,587,51,898,247,0,86
767,1911,6,35,595,97,291,127,133,121
768,20,91,12,43,12,23,29,15,61
769,8786,52,24,301,7,74,10,0,58
770,10582,3,23,180,32,348,76,32,90
771,1915,57,23,794,115,243,150,0,205
772,8897,9,33,392,5,91,28,26,112
773,2371,22,16,39,1,22,3,4,12
774,4303,76,21,107,2,12,2,2,12
775,6825,86,11,13,0,3,0,0,0
776,1072,64,14,70,0,17,0,0,6
777,4964,90,19,680,11,392,75,0,0
778,2461,79,9,26,1,11,0,1,4
779,10736,28,24,522,0,522,227,120,134
780,3194,86,20,412,12,546,78,182,0
781,10839,42,10,6,5,5,8,0,5
782,49,39,12,2,3,6,4,1,9
783,4290,8,11,1,3,8,2,5,5
784,10219,40,13,6,2,15,6,6,3
785,4211,5,14,4,12,5,3,16,17
786,1135,96,19,18,2,19,0,2,6
787,6299,28,31,324,48,186,39,18,198
788,10846,22,29,327,9,125,25,4,139
789,347,30,26,229,27,71,13,3,34
790,6543,45,16,521,168,706,80,76,61
791,10446,58,19,184,23,446,30,23,23
792,3479,49,13,4,8,11,12,2,13
793,11075,37,19,183,2,64,7,2,12
794,4442,70,12,31,19,35,26,14,52
795,199,33,20,219,3,60,12,9,12
796,6722,98,29,479,28,136,75,14,35
797,796,17,34,584,44,212,46,8,177
798,3749,54,27,627,91,597,159,91,15
799,8523,39,18,24,1,16,12,2,5
800,310,81,25,330,5,159,36,27,16
801,8629,71,10,19,1,10,2,1,8
802,236,62,16,28,23,29,29,14,47
803,9930,8,30,606,148,228,15,148,22
804,3483,76,33,1039,43,204,153,58,29
805,4599,66,28,411,0,26,0,0,21
806,7326,83,8,34,1,19,2,7,0
807,7352,28,20,161,28,136,32,3,45
808,2350,87,28,623,53,178,23,17,133
809,9145,43,24,604,26,470,123,161,94
810,2964,0,11,3,10,8,3,16,32
811,5585,1,15,12,2,17,6,1,10
812,9687,1,18,184,174,256,50,30,32
813,3732,72,31,393,0,239,90,69,69
814,6303,72,23,410,73,747,76,161,30
815,11176,12,21,376,9,83,19,4,4
816,2986,89,10,7,2,4,2,1,4
817,7462,67,28,68,0,226,51,157,68
818,3900,54,26,642,14,49,0,7,57
819,7034,34,15,8,7,9,13,6,12
820,9493,15,21,840,53,804,23,71,17
821,1143,43,14,7,10,13,3,11,11
822,1,0,23,464,5,64,7,0,37
823,3855,74,16,30,3,47,19,21,42
824,5536,61,26,1492,38,287,50,57,33
825,5989,51,32,752,122,476,39,153,34
826,9499,97,22,1279,15,287,20,0,15
827,6768,75,14,22,1,8,2,1,2
828,2150,83,26,860,28,409,73,56,56
829,6646,23,11,3,0,5,13,0,1
830,4887,65,11,10,5,28,11,1,8
831,8560,94,24,351,16,156,7,5,145
832,3321,42,25,421,5,90,0,16,10
833,11003,10,14,2,5,7,0,18,18
834,10402,94,14,25,1,9,2,1,1
835,9904,50,31,336,123,274,46,123,141
836,6141,46,21,191,9,97,0,6,82
837,5687,98,30,563,50,774,28,31,187
838,10856,42,11,31,0,6,0,1,8
839,5121,30,25,479,5,82,7,17,171
840,4186,11,14,18,6,15,12,8,17
841,368,61,19,91,65,52,10,44,28
842,3312,12,17,5,7,24,19,14,20
843,11121,76,20,2,14,28,16,3,7
844,5332,2,18,362,50,431,134,35,54
845,5848,43,21,724,74,929,97,55,130
846,10343,27,22,605,91,399,0,45,205
847,5935,60,28,547,7,140,0,7,63
848,2895,79,16,104,1,54,13,9,14
849,10262,96,16,8,2,15,0,10,18
850,7848,17,19,224,2,25,7,0,110
851,9477,0,24,384,0,102,21,32,5
852,4856,38,28,556,54,845,202,133,63
853,7186,43,11,24,0,2,0,0,9
854,5794,1,26,408,0,21,0,0,17
855,1456,25,38,265,199,303,234,9,170
856,4877,2,12,34,0,7,0,0,0
857,425,66,27,374,64,116,84,25,64
858,3007,49,14,27,2,10,0,0,1
859,1031,5,28,600,20,350,29,30,33
860,4297,71,15,13,2,18,6,1,0
861,807,35,25,167,2,89,0,0,34
862,9553,94,10,0,2,3,4,1,5
863,4271,80,24,46,35,69,84,41,66
864,4120,61,20,88,39,78,58,13,93
865,2036,29,21,243,11,119,10,3,15
866,115,0,22,275,11,68,25,7,7
867,4259,80,11,6,0,4,0,0,0
868,8687,54,19,121,62,90,68,20,125
869,2447,71,14,4,12,15,19,7,12
870,10140,27,20,1308,0,396,23,0,0
871,9353,61,19,515,47,267,62,66,38
872,3623,55,17,4,0,16,17,4,4
873,738,35,19,48,13,57,24,15,25
874,7631,34,26,562,58,168,43,16,142
875,4789,95,20,769,22,500,210,143,33
876,773,64,29,379,4,93,12,9,98
877,10602,30,17,29,12,59,19,1,36
878,1446,12,29,387,68,569,89,45,68
879,3270,96,20,12,23,38,30,18,7
880,8443,16,17,6,10,12,3,15,40
881,9653,16,15,27,1,14,4,1,21
882,8916,78,9,9,1,5,0,0,1
883,8017,83,13,22,0,19,6,5,3
884,5830,96,24,899,102,838,133,102,40
885,4597,67,20,889,55,685,168,92,129
886,7023,87,24,189,2,55,0,5,12
887,8086,34,14,48,0,2,0,0,5
888,8825,46,32,230,14,156,82,24,58
889,2930,7,25,852,60,207,78,36,48
890,1928,73,16,35,3,20,4,1,20
891,7108,54,23,205,20,47,23,2,56
892,10925,93,26,255,31,446,40,56,175
893,9960,52,11,0,0,1,8,3,2
894,8800,53,30,437,8,206,160,49,42
895,9224,81,31,825,8,53,11,0,242
896,5519,8,25,316,58,161,76,51,135
897,5046,97,29,756,138,354,160,169,61
898,7037,50,23,194,55,134,15,0,3
899,905,38,19,7,17,18,6,10,26
900,8624,61,20,183,33,493,59,103,57
901,8945,46,17,171,0,11,0,1,20
902,6445,73,18,243,101,405,29,40,40
903,2727,19,16,181,21,69,39,3,96
904,6404,10,21,151,7,89,0,7,28
905,11074,94,18,494,92,391,194,11,241
906,10150,10,20,464,28,873,29,18,37
907,1968,37,11,5,1,5,10,0,7
908,6534,94,11,29,0,29,0,5,4
909,9485,23,14,102,9,49,24,3,12
910,7053,75,23,604,28,674,91,28,28
911,4654,40,21,571,12,523,63,60,24
912,9760,24,39,953,0,71,0,0,174
913,1048,11,17,63,3,67,8,9,28
914,10619,29,21,770,29,890,250,27,24
915,9308,51,15,398,61,265,138,61,53
916,10505,86,17,741,19,154,50,9,28
917,8362,9,23,1478,19,403,0,19,0
918,2625,30,17,156,29,56,30,32,47
919,4637,73,28,960,64,464,146,0,16
920,9972,25,12,38,0,2,0,0,6
921,4483,67,20,315,26,473,220,12,182
922,4487,67,13,15,20,25,2,7,26
923,4988,58,13,19,6,20,0,5,12
924,8931,82,31,812,99,431,237,149,33
925,5871,98,24,73,28,217,10,24,115
926,2008,93,21,372,23,384,250,12,108
927,3139,53,21,871,111,704,145,55,166
928,10037,66,18,375,152,335,93,91,81
929,10673,6,24,760,80,466,17,13,80
930,5303,42,22,471,0,510,99,21,12
931,538,78,10,31,9,27,16,9,33
932,7922,29,32,819,0,72,12,0,63
933,5692,82,13,1,4,3,8,9,7
934,4843,92,20,203,35,305,46,17,227
935,6383,78,16,26,0,15,2,1,2
936,1628,54,21,354,21,311,167,75,32
937,1204,45,38,1253,0,447,23,71,35
938,3673,59,31,371,17,238,23,24,106
939,760,8,29,588,7,76,110,15,15
940,8957,51,28,480,86,249,75,86,144
941,4128,51,25,517,12,54,16,6,120
942,6810,76,13,267,98,606,48,70,98
943,5386,62,20,1111,24,790,160,45,172
944,8700,86,16,7,7,14,7,16,15
945,3202,60,27,1166,0,48,0,0,36
946,1328,56,23,261,42,144,55,48,133
947,8405,83,16,135,25,51,23,25,46
948,6515,92,10,6,2,18,2,8,14
949,2882,31,24,711,28,142,49,18,47
950,7574,80,10,11,0,13,2,4,11
951,6387,39,14,42,0,17,0,0,18
952,5320,20,18,79,7,58,6,3,18
953,5048,53,15,20,6,43,19,5,38
954,8146,84,11,30,0,8,2,0,14
955,10031,50,20,20,2,23,3,1,4
956,5748,96,21,115,27,44,4,146,139
957,2134,94,27,263,5,233,69,41,83
958,1523,25,13,69,2,15,2,2,6
959,9665,48,22,267,3,30,4,0,57
960,4640,65,28,561,85,171,25,123,114
961,3635,69,25,492,0,37,7,0,42
962,3547,12,13,14,7,9,6,16,12
963,2456,84,19,80,4,46,0,17,2
964,5633,47,22,97,12,84,13,10,15
965,7801,87,25,197,107,227,7,59,131
966,10489,35,25,693,21,925,31,24,84
967,7011,47,17,43,2,27,0,9,12
968,2620,48,12,14,0,2,0,0,7
969,3933,46,33,186,36,234,86,72,48
970,10981,27,19,434,137,400,45,137,45
971,1734,37,18,59,0,11,4,2,5
972,10995,8,18,16,5,30,8,7,26
973,6357,29,23,230,35,75,63,57,31
974,9209,85,26,829,138,430,60,92,15
975,10286,2,24,318,8,407,150,35,8
976,2611,66,20,1206,55,445,168,18,18
977,1600,60,28,292,3,77,10,3,26
978,3308,54,13,30,9,12,2,11,30
979,5407,70,35,729,17,133,11,0,195
980,2166,55,8,12,1,3,0,0,7
981,3955,20,14,2,1,1,1,0,1
982,6634,78,13,22,3,18,0,0,11
983,3056,63,35,587,43,337,42,87,54
984,5718,17,26,674,168,108,192,42,231
985,6872,43,20,284,3,84,4,7,23
986,8164,13,21,1023,93,651,49,55,37
987,4580,46,31,1394,22,708,89,91,182
988,9305,65,29,311,26,640,180,37,121
989,453,1,12,27,0,12,0,1,5
990,8545,6,18,1296,17,311,45,69,51
991,9850,32,11,3,6,7,0,0,3
992,7378,34,31,393,5,136,7,5,27
993,7646,70,28,218,63,282,137,35,70
994,1640,49,11,66,0,16,0,6,20
995,5184,65,10,4,2,11,2,0,4
996,8492,25,29,795,0,545,95,58,0
997,11188,84,14,15,10,19,8,17,20
998,1212,7,31,384,25,292,130,41,64
999,9097,34,20,244,8,32,7,2,50
1000,10473,38,27,158,19,288,25,0,38
1001,7962,1,13,1285,21,449,106,20,20
1002,9984,25,30,349,16,144,28,5,182
1003,5527,25,15,4,12,11,3,13,15
1004,6374,50,24,223,2,31,0,2,39
1005,7453,46,25,157,43,127,68,56,37
1006,8952,96,26,397,46,288,20,38,70
1007,241,57,21,901,31,345,75,31,191
1008,8975,47,18,14,3,21,2,1,28
1009,6119,52,10,10,0,3,0,0,4
1010,5236,30,26,1230,0,396,232,178,158
1011,5723,63,10,81,1,31,2,1,0
1012,1710,51,27,154,20,66,0,12,27
1013,1970,14,15,63,0,21,7,0,12
1014,5313,20,14,30,0,11,0,0,3
1015,10634,56,18,90,67,165,30,43,11
1016,7010,41,23,635,114,254,132,152,76
1017,8562,72,13,127,4,73,15,6,11
1018,3158,1,13,13,3,6,6,5,6
1019,4436,27,15,18,42,24,15,20,18
1020,5287,77,17,45,2,26,4,1,1
1021,2445,87,14,38,1,24,0,0,0
1022,6059,81,32,986,36,168,16,0,108
1023,4550,51,11,61,0,3,0,0,7
1024,4240,79,15,4,9,16,17,0,12
1025,8911,11,25,201,53,172,116,77,83
1026,3706,54,14,19,8,29,0,12,26
1027,3628,93,16,4,8,11,19,12,26
1028,10175,0,9,18,0,2,0,0,2
1029,8985,54,38,806,80,161,120,11,33
1030,5204,21,25,380,98,733,110,112,28
1031,9220,58,23,576,172,961,125,115,19
1032,9888,3,18,458,81,356,106,50,40
1033,5263,99,13,5,10,13,3,8,16
1034,1020,70,21,350,60,568,110,133,145
1035,9503,65,21,39,33,130,41,26,44
1036,10613,44,15,26,1,16,2,2,15
1037,67,6,16,68,0,16,0,0,8
1038,6019,9,12,45,3,9,4,4,7
1039,5863,95,26,359,0,134,13,26,123
1040,3717,70,21,403,24,29,6,24,218
1041,6730,92,16,34,1,14,0,0,5
1042,10749,62,35,73,18,66,7,12,2
1043,4998,85,16,292,30,415,63,33,200
1044,6287,2,11,14,0,16,0,0,6
1045,5985,0,17,80,1,37,0,1,3
1046,4754,91,11,30,11,33,13,6,29
1047,4002,3,30,463,96,333,168,53,10
1048,8870,68,26,75,12,141,43,39,187
1049,966,98,30,538,13,91,17,6,26
1050,4767,41,23,635,114,254,132,152,76
1051,9725,16,12,8,0,3,0,0,1
1052,4475,82,30,1315,22,780,145,0,178
1053,5740,1,13,4,2,12,7,5,26
1054,5731,64,12,12,0,13,2,0,10
1055,7290,68,23,347,44,534,17,0,26
1056,3846,98,23,192,5,53,0,5,15
1057,8104,32,19,241,0,12,0,0,25
1058,4507,87,25,631,28,491,30,14,56
1059,11013,84,18,336,28,282,184,54,54
1060,4491,3,36,1099,0,45,0,0,34
1061,3759,34,31,743,19,181,12,0,200
1062,1162,23,25,124,83,267,85,59,35
1063,2055,37,11,15,0,8,4,2,20
1064,10766,22,19,397,19,69,12,0,9
1065,4415,19,15,10,4,4,3,3,14
1066,3005,7,24,530,117,678,134,44,147
1067,2223,52,39,1215,33,249,64,116,149
1068,4817,91,12,3,2,7,0,4,2
1069,2875,93,26,444,44,382,11,8,17
1070,10536,78,16,26,0,15,2,1,2
1071,11112,23,28,736,114,279,82,76,190
1072,3807,83,29,473,21,176,19,21,56
1073,9197,92,12,32,0,5,2,0,8
1074,10832,4,20,288,10,30,4,10,125
1075,6421,32,22,1050,178,555,77,138,118
1076,4207,27,27,1001,44,107,58,44,44
1077,577,10,13,9,1,7,0,3,2
1078,10855,9,20,234,14,77,19,10,42
1079,3081,65,11,7,2,6,2,0,3
1080,3535,68,15,251,108,334,65,92,117
1081,247,16,28,172,10,125,21,13,16
1082,8707,12,19,565,42,548,64,83,99
1083,9523,95,8,5,0,8,2,0,0
1084,6072,16,23,918,57,842,99,38,133
1085,6295,46,34,652,8,158,21,0,142
1086,10914,3,10,4,1,7,2,1,2
1087,1509,80,27,152,27,103,106,54,81
1088,5577,77,10,8,0,9,2,1,3
1089,7348,0,19,336,130,411,240,32,43
1090,1127,62,22,938,19,843,25,95,38
1091,1833,91,14,68,8,18,19,8,12
1092,4944,24,19,227,23,389,42,21,75
1093,9080,2,17,38,4,22,3,3,3
1094,6466,22,13,105,0,9,2,1,4
1095,9964,56,19,162,50,100,55,30,27
1096,4790,54,14,574,8,216,21,16,33
1097,10245,71,16,160,80,369,67,39,41
1098,1109,38,11,6,0,5,0,0,1
1099,6001,62,30,614,35,160,58,35,35
1100,5538,78,18,897,161,430,186,161,27
1101,10552,18,19,70,54,109,80,9,45
1102,1545,95,28,120,19,206,25,19,54
1103,7409,66,18,211,2,30,7,7,10
1104,4444,28,14,11,0,16,7,6,21
1105,146,78,23,760,53,400,17,93,0
1106,6271,13,11,53,0,8,0,0,2
1107,10065,27,13,7,4,13,15,8,17
1108,4741,17,24,391,32,70,21,32,16
1109,246,71,23,199,9,57,20,21,6
1110,375,79,17,516,56,449,86,33,16
1111,1524,1,21,709,45,115,30,160,45
1112,10022,78,9,12,0,4,0,0,0
1113,7451,23,20,1000,19,711,125,115,38
1114,11010,75,17,19,3,18,3,1,0
1115,4356,70,20,1224,28,140,0,14,168
1116,3885,10,13,16,2,18,3,0,24
1117,1175,24,18,88,39,54,64,28,153
1118,880,47,14,2,23,11,8,6,46
1119,2320,98,32,508,11,59,23,5,29
1120,850,4,25,381,28,215,84,28,21
1121,4713,15,16,74,0,42,2,1,6
1122,675,67,23,146,0,93,7,13,73
1123,5025,32,11,23,17,23,43,20,9
1124,2308,40,21,110,5,137,26,23,29
1125,5995,54,28,165,3,147,4,24,41
1126,6749,78,26,957,47,494,82,47,95
1127,1010,94,10,41,0,17,3,1,16
1128,8977,51,8,1,3,4,2,3,11
1129,4756,42,29,176,29,818,0,33,112
1130,3412,67,24,815,8,53,11,0,70
1131,606,87,11,6,1,2,2,0,4
1132,5961,29,10,8,4,20,6,3,16
1133,2975,89,27,717,42,864,219,30,84
1134,2894,74,25,1067,138,750,0,19,39
1135,7613,97,20,166,5,107,11,8,29
1136,10542,63,18,29,4,34,2,4,4
1137,8015,88,21,714,76,395,116,0,12
1138,10617,34,13,8,4,10,2,2,4
1139,11166,81,21,229,5,56,3,2,20
1140,849,65,26,320,48,133,39,72,48
1141,523,51,12,23,0,26,7,15,3
1142,4066,76,13,1,5,8,4,8,20
1143,8414,76,15,56,0,12,0,0,18
1144,819,84,28,508,124,249,50,38,134
1145,4961,56,15,29,0,25,2,2,3
1146,749,31,15,46,7,59,2,4,27
1147,5430,0,39,454,0,171,8,19,32
1148,7755,91,24,350,3,39,0,0,19
1149,10525,40,13,10,0,8,0,0,9
1150,1453,59,33,735,40,183,52,20,30
1151,8310,96,30,897,126,196,91,112,37
1152,10710,61,12,5,2,3,3,0,5
1153,5031,14,28,777,35,731,39,137,114
1154,2613,16,13,162,6,37,6,13,13
1155,213,98,17,35,0,11,0,0,2
1156,967,11,33,342,9,112,19,14,19
1157,1077,52,19,258,105,239,237,172,9
1158,7959,19,12,658,80,483,123,13,13
1159,640,61,30,356,80,329,138,17,106
1160,4252,73,17,213,5,28,7,7,41
1161,8432,0,39,454,0,171,8,19,32
1162,6218,74,24,457,4,29,0,0,9
1163,6905,55,23,241,45,604,34,26,54
1164,5922,48,19,210,0,6,0,0,2
1165,3598,53,26,441,35,83,7,29,11
1166,6116,13,9,19,13,18,10,7,8
1167,6263,34,17,28,9,37,12,7,13
1168,10486,54,19,476,75,162,29,151,97
1169,2410,69,17,364,40,425,158,60,50
1170,193,81,9,0,0,2,3,3,8
1171,3363,99,13,0,6,3,7,6,12
1172,8278,3,21,863,83,547,86,99,33
1173,10660,61,24,349,7,35,0,0,47
1174,8686,65,15,5,23,15,0,18,14
1175,1604,93,18,184,2,19,8,8,4
1176,5907,24,12,8,0,8,0,0,2
1177,10669,8,20,277,21,64,62,21,25
1178,2918,72,14,44,5,19,0,4,19
1179,5735,29,19,1156,120,915,94,144,96
1180,359,33,26,373,14,83,6,9,19
1181,8387,68,17,134,8,76,6,0,11
1182,1829,55,28,1148,0,60,0,0,24
1183,3839,76,17,6,12,3,21,6,40
1184,9392,17,11,4,1,11,0,0,1
1185,2292,94,10,5,4,8,2,0,5
1186,10466,86,11,24,2,20,2,2,10
1187,9855,25,30,899,0,101,0,0,20
1188,4088,22,18,108,1,28,13,1,4
1189,5231,15,10,27,2,7,0,2,13
1190,590,35,19,816,66,549,216,66,99
1191,8732,81,29,1298,0,70,37,14,42
1192,2315,55,10,10,0,11,17,29,29
1193,3515,94,14,87,13,34,10,6,10
1194,2245,50,16,57,2,51,4,2,23
1195,6283,64,28,635,15,100,20,7,131
1196,2246,91,12,43,12,23,29,15,61
1197,6606,11,27,964,34,137,15,0,11
1198,5545,72,15,572,8,259,34,35,80
1199,7342,6,32,341,142,113,259,151,66
1200,837,0,16,63,6,57,13,13,22
1201,9500,66,29,221,104,169,102,78,84
1202,3602,42,15,140,3,29,4,5,14
1203,234,60,13,1,2,8,4,3,13
1204,2995,64,18,291,10,689,84,10,0
1205,1118,87,30,544,13,85,8,6,29
1206,7789,96,28,684,100,801,21,66,0
1207,3068,1,13,1,12,9,0,14,7
1208,8955,54,10,35,0,4,0,0,10
1209,945,53,16,87,3,25,3,2,13
1210,5644,96,22,309,3,24,4,3,20
1211,7192,58,19,172,73,93,95,78,34
1212,2324,12,35,625,38,242,50,34,76
1213,697,78,24,972,59,913,25,19,59
1214,3439,64,21,157,6,39,6,13,75
1215,1506,26,17,48,9,45,3,15,20
1216,232,8,20,279,83,88,32,14,34
1217,8876,49,22,132,0,16,0,0,4
1218,4500,56,26,919,0,505,99,30,45
1219,9739,55,15,62,0,22,3,1,26
1220,10395,25,18,1,45,3,4,6,42
1221,1176,50,12,2,6,4,3,1,9
1222,1627,84,26,408,61,109,48,122,41
1223,938,30,15,51,1,7,2,1,25
1224,2740,81,16,62,1,16,3,2,6
1225,257,74,23,952,12,180,47,12,12
1226,4058,76,28,618,15,106,20,7,45
1227,7736,36,12,11,7,12,2,2,27
1228,8210,64,22,318,3,17,4,7,56
1229,833,62,16,56,0,14,0,0,2
1230,6230,53,22,110,5,59,7,1,7
1231,7325,86,10,23,0,11,2,1,3
1232,1307,15,14,27,5,8,8,3,12
1233,1502,67,15,18,3,19,3,3,6
1234,6211,47,11,18,0,9,0,1,11
1235,843,47,31,303,0,280,60,147,15
1236,4174,81,11,97,1,19,2,0,11
1237,9757,98,26,997,15,414,99,30,76
1238,6918,56,13,5,4,13,8,0,4
1239,286,48,18,95,11,35,0,4,7
1240,11086,18,12,1,6,2,3,6,3
1241,1921,74,11,46,1,12,3,0,9
1242,4138,68,24,411,106,147,54,115,66
1243,7718,36,11,244,51,270,101,0,45
1244,1291,90,24,152,9,121,12,12,45
1245,6862,65,35,1,1,3,1,1,1
1246,4136,63,20,10,17,18,8,26,40
1247,803,82,9,12,0,5,0,0,4
1248,4298,63,12,5,0,4,0,0,1
1249,10833,55,33,790,19,133,12,0,19
1250,9606,64,16,882,29,514,38,29,44
1251,8534,51,32,615,28,259,12,48,30
1252,5153,97,40,1004,59,265,115,59,27
1253,961,92,21,133,27,421,13,195,71
1254,5011,51,29,595,23,123,10,23,154
1255,6653,72,25,293,0,87,4,11,23
1256,9094,39,22,313,15,47,20,0,192
1257,810,49,21,151,81,86,168,91,64
1258,5493,21,10,15,0,2,0,0,6
1259,2147,91,25,736,63,946,219,189,126
1260,5107,37,11,15,0,8,4,2,20
1261,3979,98,19,982,17,672,23,34,51
1262,6049,85,30,1142,51,415,90,69,37
1263,8147,40,16,28,0,11,0,0,9
1264,1857,2,14,46,0,12,0,2,23
1265,3910,78,18,897,161,430,186,161,27
1266,5207,41,37,489,6,152,8,6,132
1267,11114,94,16,25,4,9,6,8,32
1268,5429,10,16,145,1,33,2,1,1
1269,9400,73,21,630,26,611,44,18,54
1270,1740,22,20,760,38,104,50,9,38
1271,7488,30,27,420,15,186,151,38,15
1272,195,21,22,125,17,52,3,19,30
1273,635,51,33,464,5,64,7,0,70
1274,7527,97,17,6,6,29,12,15,8
1275,10319,56,30,1090,12,96,16,12,60
1276,2296,4,10,3,2,11,2,2,10
1277,10637,77,15,24,0,27,8,30,10
1278,2931,95,25,737,21,106,55,63,210
1279,907,36,23,254,6,71,4,0,27
1280,3698,13,21,817,185,687,145,55,241
1281,9516,90,35,620,54,239,99,98,119
1282,679,49,15,13,4,20,0,0,1
1283,7384,18,25,113,61,204,34,26,47
1284,5043,89,20,7,23,78,133,49,144
1285,5267,43,12,16,2,18,2,1,5
1286,339,82,25,462,0,24,6,0,4
1287,2516,84,11,22,2,10,6,4,34
1288,9010,80,25,968,147,842,137,42,210
1289,378,68,27,283,112,151,51,72,125
1290,4808,12,11,1,2,5,6,0,3
1291,5068,75,14,14,1,7,2,1,1
1292,7628,10,13,30,5,24,6,3,8
1293,7128,91,11,4,0,5,0,1,5
1294,2811,21,11,52,0,9,0,0,1
1295,3551,28,12,62,1,57,19,11,48
1296,1663,97,14,20,2,14,3,0,10
1297,5543,49,30,545,7,114,37,21,78
1298,1577,14,16,558,79,622,207,175,95
1299,10641,5,16,6,5,4,13,4,25
1300,5336,37,3,39,1,9,2,0,8
1301,6024,62,20,1111,24,790,160,45,172
1302,1878,83,13,4,6,8,6,3,10
1303,3099,48,25,183,5,65,3,5,49
1304,6055,94,22,546,72,376,94,145,72
1305,5841,61,33,606,7,155,10,0,54
1306,3972,70,27,266,6,51,8,6,64
1307,4394,43,25,1142,29,249,38,29,14
1308,5758,23,34,1074,0,69,0,0,46
1309,6658,37,38,771,51,154,54,10,154
1310,4603,50,25,371,32,189,0,58,6
1311,8427,78,27,556,14,717,210,0,43
1312,10260,74,22,202,5,74,11,5,14
1313,7143,14,28,209,162,209,41,162,37
1314,8789,77,18,35,40,111,36,40,12
1315,6197,39,18,37,0,17,0,0,3
1316,4554,89,21,171,45,73,59,10,90
1317,4937,62,12,12,2,20,3,2,5
1318,1920,59,15,44,4,21,6,0,27
1319,8749,68,9,20,2,9,4,6,20
1320,1650,13,30,779,86,537,34,69,138
1321,10377,37,21,170,6,97,24,12,88
1322,9206,36,27,491,48,231,112,105,134
1323,10971,28,25,173,8,107,7,2,176
1324,6398,2,16,7,10,13,16,0,4
1325,9212,17,35,1205,0,235,19,14,205
1326,7937,86,14,10,7,25,6,3,7
1327,839,54,14,97,4,44,6,1,18
1328,4246,2,19,67,11,26,4,3,262
1329,158,3,21,345,53,528,98,75,97
1330,4832,84,15,6,5,17,3,24,46
1331,5621,8,26,73,57,100,71,15,0
1332,1945,4,25,711,36,217,172,96,168
1333,5147,57,28,774,70,118,182,187,93
1334,2535,24,29,163,0,480,0,126,75
1335,11039,51,18,82,33,54,71,30,41
1336,9495,29,18,358,108,413,141,97,32
1337,9635,13,14,66,2,40,4,3,14
1338,2173,23,11,13,6,7,0,3,3
1339,942,36,23,139,13,78,20,13,36
1340,9386,88,19,274,0,21,4,6,15
1341,5510,2,21,262,6,61,0,10,102
1342,873,3,36,1099,0,45,0,0,34
1343,2253,15,12,32,0,8,23,4,18
1344,5181,58,13,2,4,2,0,11,5
1345,979,11,14,6,10,21,19,14,42
1346,10390,27,11,6,7,4,3,4,6
1347,4698,32,21,135,46,92,65,61,11
1348,7793,12,30,641,7,84,0,30,38
1349,1745,88,21,714,76,395,116,0,12
1350,10590,91,25,794,73,573,0,29,14
1351,5080,12,19,420,0,452,182,64,140
1352,8369,21,12,1,2,7,4,3,11
1353,5232,23,15,86,12,75,33,15,6
1354,2407,10,24,823,25,459,124,29,95
1355,3834,35,28,231,161,215,171,30,53
1356,7912,69,16,8,15,27,0,20,33
1357,7712,68,23,182,17,259,77,70,29
1358,1065,85,21,557,129,984,193,37,18
1359,7275,34,16,79,1,31,4,4,12
1360,1343,55,29,368,24,68,38,0,88
1361,1384,10,15,6,4,14,8,8,22
1362,9967,30,30,160,15,196,15,11,50
1363,6181,36,33,488,21,238,56,108,28
1364,10507,14,23,691,7,69,0,7,23
1365,2674,79,19,543,10,205,160,143,82
1366,2698,52,23,254,7,108,20,0,26
1367,3231,97,13,5,4,10,2,2,7
1368,4096,24,19,112,19,21,16,14,5
1369,10476,0,13,134,11,59,15,2,30
1370,5948,96,17,143,6,52,11,8,17
1371,9140,89,14,51,4,24,4,7,1
1372,10258,94,14,27,0,5,0,0,3
1373,5675,98,28,459,0,24,6,0,4
1374,4743,72,34,689,8,167,11,8,88
1375,8805,1,25,283,10,38,0,13,27
1376,1542,26,25,347,0,35,4,3,7
1377,6770,5,13,5,13,14,0,5,31
1378,8773,22,22,280,0,18,0,0,24
1380,10420,56,17,95,14,64,2,9,38
1381,7514,74,18,84,10,34,11,10,28
1384,793,24,15,18,3,17,3,0,4
1385,10909,9,21,992,24,694,51,19,119
1387,8702,10,13,9,1,7,0,3,2
1388,4791,35,13,19,1,17,2,0,2
1389,2963,56,24,709,93,374,104,80,80
1390,8216,7,22,158,0,76,13,7,71
1391,8140,51,14,10,14,29,4,2,36
1392,10146,17,12,25,1,13,0,0,3
1393,5289,30,10,8,4,12,15,4,29
1394,2587,21,12,14,0,6,0,0,0
1395,4405,2,28,622,7,115,30,0,15
1396,8663,85,10,11,0,3,0,0,1
1397,2589,65,14,25,3,16,8,5,2
1398,3421,64,28,635,15,100,20,7,131
1399,10490,11,21,100,64,79,65,0,109
1400,4094,92,21,201,2,43,3,5,35
1401,9958,54,26,642,14,49,0,7,57
1402,2534,4,17,97,1,41,6,2,41
1403,4188,53,22,204,5,39,17,0,89
1404,6613,39,34,513,7,133,46,14,14
1405,10827,49,20,88,3,21,4,1,29
1406,5491,70,23,172,12,112,8,0,15
1407,8402,40,26,329,35,222,130,35,43
1408,8783,40,21,296,13,104,11,13,17
1409,10010,43,20,100,2,16,2,1,31
1410,618,17,26,422,7,238,69,46,15
1411,9121,40,22,1218,16,272,104,0,80
1412,361,84,11,5,1,7,2,1,4
1413,4310,25,22,507,93,520,242,40,26
1414,2678,62,20,52,12,50,4,36,55
1415,6376,83,23,191,56,139,51,8,100
1416,524,47,14,2,23,11,8,6,46
1417,10341,45,12,68,28,39,16,30,41
1418,5654,34,13,20,4,10,6,4,17
1419,4098,3,15,20,3,16,0,4,1
1420,5824,1,10,7,0,1,0,0,0
1421,7000,18,24,279,172,74,38,8,246
1422,2561,45,31,977,12,253,16,12,101
1423,5229,81,12,30,1,8,0,0,3
1424,4086,77,13,6,1,7,23,4,19
1425,2428,23,16,3,18,26,11,8,12
1426,8254,48,12,14,0,2,0,0,7
1427,2836,61,12,10,1,7,0,0,1
1428,8418,60,14,7,10,17,8,6,13
1429,1362,75,21,33,87,64,175,16,74
1430,7152,64,12,12,0,13,2,0,10
1431,10033,54,11,2,3,10,11,2,10
1432,9349,84,25,693,21,118,110,147,42
1433,274,75,13,9,3,15,2,3,2
1434,3388,16,24,129,26,67,3,67,2
1435,922,79,14,16,2,11,3,0,16
1436,8588,92,21,201,2,43,3,5,35
1437,2518,16,11,5,4,5,4,2,10
1438,574,96,9,14,36,11,3,26,35
1439,3220,30,17,29,12,59,19,1,36
1440,5967,60,17,26,2,19,10,5,8
1441,1183,11,10,9,1,4,3,2,3
1442,6856,75,18,14,0,23,4,5,19
1443,4530,36,26,972,19,595,180,26,138
1444,1553,71,27,966,168,672,246,105,126
1445,4682,88,14,99,27,102,28,48,6
1446,8204,93,20,482,35,553,72,160,17
1447,5221,93,34,714,8,99,11,0,47
1448,1232,54,19,587,54,348,71,54,130
1449,1927,41,19,399,27,159,58,8,39
1450,5788,46,17,56,10,92,19,7,25
1451,6652,28,18,227,151,573,98,54,31
1452,6246,40,24,703,102,601,0,58,43
1453,5975,82,13,37,0,17,0,0,3
1454,6875,38,25,167,13,180,86,13,70
1455,4399,3,18,458,81,356,106,50,40
1456,4042,87,19,91,3,52,2,1,31
1457,2157,49,16,15,8,16,11,5,22
1458,10133,16,27,1302,68,731,89,114,45
1459,2525,65,24,153,64,123,116,64,14
1460,8233,9,26,508,5,21,7,5,10
1461,9483,24,28,290,59,177,77,5,29
1462,2945,25,12,38,0,2,0,0,6
1463,10403,43,16,2,13,6,7,5,11
1464,5074,10,12,30,0,10,2,0,5
1465,10524,29,24,386,23,95,54,41,196
1466,4690,45,29,443,10,75,0,10,48
1467,7521,57,21,901,31,345,75,31,191
1468,7196,20,7,9,0,3,0,0,1
1469,4406,29,30,846,84,352,91,56,42
1470,9672,82,14,8,3,9,19,4,22
1471,4864,68,20,72,7,58,13,1,24
1472,4706,65,10,29,0,5,0,1,5
1473,4070,99,25,169,24,553,188,0,144
1474,25,9,25,460,35,422,33,12,153
1475,3697,20,16,69,8,26,12,7,12
1476,217,78,27,556,14,717,210,0,43
1477,4220,26,10,73,0,13,0,1,0
1478,5286,68,13,112,1,54,7,7,36
1479,9559,79,32,944,0,60,0,0,30
1480,2849,25,38,265,199,303,234,9,170
1481,7787,83,28,526,28,135,10,21,99
1482,3102,32,13,2,3,12,3,5,7
1483,5868,49,13,2,4,9,10,5,16
1484,8370,50,22,378,97,259,197,194,34
1485,9988,84,29,553,25,142,65,67,8
1486,2939,96,17,751,127,687,20,15,31
1487,5529,56,29,406,0,30,0,0,8
1488,9743,85,35,1449,89,161,69,35,107
1489,5763,63,24,123,17,171,39,0,30
1490,3478,17,35,267,42,309,55,42,21
1491,7494,11,23,209,0,40,3,2,15
1492,1763,62,33,1259,172,815,97,148,33
1493,7250,48,31,344,35,178,15,23,17
1494,2005,86,14,22,3,30,0,5,15
1495,10770,73,28,247,161,295,210,85,47
1496,6885,36,13,38,0,12,3,1,1
1497,2072,34,30,896,10,101,13,10,34
1498,9463,16,30,931,56,253,91,98,14
1499,6318,48,34,758,12,385,33,89,89
1500,4093,61,24,216,9,57,20,9,125
1501,5751,54,11,2,3,10,11,2,10
1502,3340,56,28,244,15,108,4,15,50
1503,3594,74,40,539,6,91,8,6,97
1504,3584,35,30,1181,26,120,17,13,39
1505,3643,65,16,750,8,125,11,8,26
1506,851,48,32,306,5,109,21,109,92
1507,7706,88,38,350,104,189,197,151,57
1508,3967,19,25,331,197,170,58,152,35
1509,10128,21,32,620,16,165,0,24,82
1510,486,27,19,434,137,400,45,137,45
1511,9,86,19,57,0,27,0,0,36
1512,9451,92,33,811,76,428,99,137,107
1513,9264,1,24,423,42,706,73,197,197
1514,3865,14,15,2,12,10,6,13,30
1515,2853,74,17,60,51,87,6,20,51
1516,1490,84,34,675,0,85,10,7,77
1517,6310,4,12,30,8,12,8,8,12
1518,10380,50,15,40,1,40,4,3,18
1519,3887,2,16,3,17,26,20,1,39
1520,4278,73,22,910,111,724,49,74,55
1521,8643,21,25,252,98,827,219,70,196
1522,1998,82,13,34,6,21,11,4,8
1523,10795,14,14,19,3,19,3,1,3
1524,11110,56,14,2,1,1,0,0,1
1525,2408,20,39,490,0,184,10,28,21
1526,202,54,18,332,194,377,149,125,57
1527,7998,77,16,53,8,17,13,0,21
1528,830,5,18,784,48,560,42,176,48
1529,3536,65,12,7,11,3,10,4,20
1530,6050,33,35,1171,43,219,19,14,47
1531,125,65,24,215,7,33,3,0,13
1532,3463,41,32,674,62,134,0,26,8
1533,2804,86,19,57,0,27,0,0,36
1534,3745,92,16,5,36,7,0,10,45
1535,9771,97,26,104,20,101,24,15,5
1536,451,91,13,9,0,7,2,0,4
1537,10530,0,17,431,82,441,80,20,102
1538,1079,59,27,1000,0,76,0,0,10
1539,8920,4,35,448,40,469,80,0,91
1540,6678,5,16,33,4,24,4,2,5
1541,3852,48,32,505,72,270,36,27,54
1542,528,99,23,267,38,701,149,165,63
1543,73,81,9,14,0,3,0,0,1
1544,5589,95,31,631,0,115,10,7,30
1545,10212,43,15,65,4,16,0,4,11
1546,6365,5,12,10,12,12,25,1,20
1547,5636,50,16,51,4,50,12,1,49
1548,591,76,27,293,35,179,46,59,65
1549,2217,46,10,11,1,2,2,1,6
1550,2544,68,8,50,1,27,6,7,1
1551,7725,33,17,173,26,255,35,71,81
1552,8091,50,22,423,184,368,13,97,21
1553,7321,85,16,292,30,415,63,33,200
1554,5462,63,38,757,80,217,29,80,11
1555,7791,89,13,12,1,6,0,1,5
1556,955,81,25,167,2,44,6,2,19
1557,4037,77,11,3,1,3,8,0,5
1558,6642,50,17,30,5,22,8,9,28
1559,2793,10,31,532,88,168,69,44,133
1560,5424,30,17,29,12,59,19,1,36
1561,879,66,28,411,0,26,0,0,21
1562,9530,16,12,5,3,4,4,1,0
1563,4828,12,22,71,99,278,185,121,38
1564,10699,30,16,46,0,40,3,0,3
1565,1497,8,21,268,11,88,15,3,22
1566,7476,93,27,928,63,254,0,12,12
1567,4390,14,25,459,15,171,142,23,31
1568,10478,53,32,483,0,108,0,6,36
1569,1081,26,29,733,9,180,12,19,66
1570,4261,23,29,1006,22,115,59,68,45
1571,9916,92,16,34,1,14,0,0,5
1572,5350,29,19,1156,120,915,94,144,96
1573,8135,41,12,7,4,23,7,0,11
1574,8685,56,28,244,15,108,4,15,50
1575,4967,19,23,233,0,23,0,0,12
1576,2130,4,14,35,3,67,10,8,24
1577,9298,89,19,1252,0,465,46,35,0
1578,8175,71,15,34,4,66,3,10,20
1579,6257,81,24,255,43,134,37,14,24
1580,3790,31,10,8,1,5,0,0,1
1581,9952,53,18,368,32,639,13,43,10
1582,3503,78,16,255,47,573,52,32,15
1583,5223,80,12,33,8,10,2,10,3
1584,4608,18,28,163,23,424,27,65,76
1585,1626,37,11,15,0,8,4,2,20
1586,4764,52,19,45,12,52,25,22,13
1587,2471,39,14,48,58,68,16,66,43
1588,5892,11,24,158,6,45,8,2,2
1589,2612,33,28,754,160,625,63,32,48
1590,4971,22,18,108,1,28,13,1,4
1591,5185,83,15,199,66,315,97,174,41
1592,10069,43,14,2,7,5,2,15,27
1593,2262,74,22,202,5,74,11,5,14
1594,1131,54,10,85,0,3,0,0,7
1595,1041,3,27,322,3,50,4,3,42
1596,24,96,19,18,2,19,0,2,6
1597,3409,68,24,141,8,129,3,11,47
1598,7022,2,27,739,107,309,140,80,35
1599,7943,40,8,18,0,6,3,3,5
1600,5272,64,27,378,0,88,19,4,73
1601,5453,26,26,1083,108,649,253,151,108
1602,2565,69,23,1016,12,215,16,12,63
1603,800,57,10,23,1,6,0,0,2
1604,11092,78,14,12,1,21,2,2,3
1605,5062,71,13,35,0,4,0,0,0
1606,8969,59,28,548,31,422,0,112,28
1607,4656,28,33,342,32,230,34,32,40
1608,4480,61,25,365,3,15,4,3,11
1609,9971,22,19,397,19,69,12,0,9
1610,6729,95,24,456,19,832,75,118,38
1611,1773,38,15,5,6,15,11,7,13
1612,9242,19,23,836,185,575,24,25,77
1613,1764,92,23,100,2,128,23,7,10
1614,6215,24,14,10,0,10,3,1,7
1615,10099,21,28,238,115,215,169,69,76
1616,5423,35,11,6,0,5,2,1,2
1617,940,9,17,158,11,99,15,11,17
1618,3011,23,15,86,12,75,33,15,6
1619,3298,92,39,856,0,76,12,9,199
1620,8286,55,15,98,1,17,0,1,5
1621,9668,14,17,4,16,20,0,17,20
1622,5120,78,22,398,96,447,220,96,32
1623,6097,64,33,313,8,104,6,4,126
1624,7019,49,17,109,18,16,24,26,18
1625,7408,8,19,216,2,6,0,0,9
1626,8041,35,30,595,71,153,120,112,41
1627,252,11,23,123,133,142,71,44,88
1628,9986,8,17,16,0,23,3,2,10
1629,3276,53,14,11,12,35,3,5,12
1630,3859,36,30,410,112,420,0,82,71
1631,3570,64,18,159,2,51,6,2,24
1632,3783,43,14,105,0,10,0,1,0
1633,10207,40,12,5,1,8,0,0,1
1634,10906,52,21,269,15,69,15,19,38
1635,3427,11,34,629,0,70,0,0,35
1636,5209,21,26,443,5,71,21,16,82
1637,10711,23,23,217,77,373,111,23,93
1638,10785,17,12,24,1,10,2,0,4
1639,2814,6,12,9,1,5,4,5,7
1640,6866,56,10,8,0,14,2,3,7
1641,1665,71,23,1459,0,61,0,15,215
1642,6575,51,34,230,48,214,13,32,75
1643,3829,94,10,1,3,6,10,0,9
1644,3091,27,25,340,21,134,258,14,56
1645,10141,1,8,7,1,6,0,3,3
1646,5177,56,22,298,7,68,4,0,19
1647,7005,71,23,479,35,179,28,7,85
1648,6409,18,26,267,140,599,34,12,127
1649,7485,48,14,67,4,32,17,2,16
1650,8079,86,12,3,1,8,23,2,18
1651,8395,48,28,980,37,265,35,163,31
1652,10352,2,18,50,4,28,6,3,26
1653,4931,13,29,1,0,1725,2,1,1
1654,13,57,12,19,0,5,0,0,8
1655,1834,77,13,30,5,23,4,1,4
1656,2285,0,22,213,9,76,4,3,30
1657,2295,57,25,539,30,92,80,46,38
1658,1378,24,29,284,16,160,84,16,134
1659,2781,55,19,1003,34,536,134,51,34
1660,1165,62,30,239,13,143,45,4,52
1661,1404,89,22,51,23,82,33,0,42
1662,6457,77,28,527,24,230,32,24,65
1663,2639,45,15,19,5,12,10,3,19
1664,8299,46,10,40,2,15,8,0,6
1665,6437,80,13,21,8,20,15,3,9
1666,6912,60,26,593,30,91,29,22,7
1667,7327,71,11,21,5,3,10,1,7
1668,5299,43,33,1181,107,199,39,30,30
1669,4127,97,40,1004,59,265,115,59,27
1670,8143,49,20,202,2,46,3,2,10
1671,1964,66,20,446,107,768,33,196,53
1672,3690,20,28,1184,102,673,52,40,40
1673,3433,54,24,390,22,323,104,35,107
1674,3389,61,39,726,53,363,123,107,161
1675,4712,18,11,8,8,22,24,11,9
1676,1170,45,22,50,15,110,39,15,15
1677,6347,26,13,1,1,4,11,9,10
1678,4065,0,23,308,0,73,0,0,23
1679,8230,28,13,22,2,31,7,4,5
1680,1215,49,26,690,117,499,76,102,88
1681,5939,84,16,43,5,28,7,6,33
1682,2156,38,15,27,0,10,0,0,4
1683,7788,53,7,6,0,3,0,0,1
1684,10323,88,18,205,7,41,3,2,46
1685,7947,99,10,24,0,8,0,1,4
1686,1891,12,18,667,50,850,21,83,83
1687,2570,35,33,691,7,61,10,0,46
1688,9256,5,33,493,26,206,116,80,80
1689,295,77,23,493,70,324,146,40,84
1690,7397,45,28,494,5,82,7,0,100
1691,6349,71,24,621,73,414,78,48,85
1692,10790,40,12,9,0,5,0,0,7
1693,10398,82,11,1,6,2,8,2,12
1694,2431,70,14,12,4,19,12,6,14
1695,550,87,23,243,131,217,85,6,26
1696,1890,95,11,11,1,4,2,0,7
1697,10742,72,12,532,21,127,26,20,20
1698,10356,5,12,29,0,2,0,0,1
1699,4676,86,30,612,91,520,258,107,107
1700,8852,80,34,387,126,342,0,45,180
1701,3565,62,16,56,0,14,0,0,2
1702,5294,49,17,6,8,19,16,4,4
1703,1958,85,30,582,0,65,0,0,13
1704,7349,7,19,6,17,16,6,16,42
1705,8799,6,18,70,6,69,2,3,3
1706,1351,25,38,962,12,194,16,24,12
1707,1045,55,20,112,10,107,30,0,20
1708,7732,81,25,293,0,124,179,97,52
1709,8070,98,15,199,12,31,3,12,7
1710,477,31,23,1060,61,835,80,20,101
1711,7832,30,27,940,44,396,0,88,58
1712,2202,98,11,44,2,11,2,3,7
1713,7396,92,29,342,51,936,207,35,26
1714,4055,41,14,2,10,11,12,9,20
1715,10340,68,26,75,12,141,43,39,187
1716,10091,78,22,520,20,367,39,81,40
1717,7629,46,14,5,3,9,6,2,6
1718,10640,71,21,87,5,71,7,12,29
1719,3498,6,31,462,61,184,10,53,107
1720,6742,82,12,2,2,1,3,1,2
1721,1172,71,28,979,44,935,29,25,22
1722,569,32,21,704,129,853,120,74,111
1723,4686,28,26,861,31,558,62,95,79
1724,1381,20,25,172,3,115,16,0,18
1725,2634,10,15,5,7,31,15,4,7
1726,10905,7,24,194,2,56,0,0,0
1727,1744,67,11,9,7,13,3,2,20
1728,1000,48,32,505,72,270,36,27,54
1729,3828,61,32,533,10,217,198,174,195
1730,8605,36,13,48,0,14,0,0,6
1731,10304,77,13,6,1,7,23,4,19
1732,4351,90,12,18,2,10,0,0,25
1733,10129,35,22,482,147,509,104,107,107
1734,2499,38,22,204,97,97,21,118,26
1735,10092,46,31,1073,0,250,153,14,14
1736,7500,33,25,245,16,223,21,43,16
1737,5796,70,24,560,21,442,29,44,29
1738,10556,51,24,173,13,131,32,3,6
1739,1064,18,13,22,1,11,0,5,3
1740,48,97,16,136,1,12,0,3,32
1741,7610,32,27,275,0,86,10,23,66
1742,263,9,16,56,19,29,2,14,25
1743,10814,6,29,303,23,751,82,26,191
1744,9710,80,31,708,7,62,0,0,15
1745,9292,74,25,324,132,693,27,118,88
1746,10250,49,11,1,5,3,7,4,8
1747,7881,21,26,620,26,195,34,17,141
1748,5847,95,28,312,21,206,102,92,149
1749,737,56,17,1493,86,454,112,43,43
1750,3571,48,25,918,21,118,13,10,21
1751,7807,26,22,98,0,106,49,10,106
1752,3878,3,12,3,4,7,15,8,11
1753,5092,39,27,380,0,47,6,0,34
1754,2154,33,15,15,0,12,7,3,7
1755,5394,42,13,3,9,4,7,8,7
1756,3798,80,15,24,2,23,0,8,24
1757,3524,9,19,80,1,60,4,6,16
1758,5247,52,11,31,0,6,2,1,5
1759,5883,78,26,138,120,204,16,126,60
1760,2118,68,24,166,75,96,119,107,59
1761,8812,45,14,12,3,8,8,0,17
1762,6616,47,18,178,3,85,71,66,58
1763,2797,34,31,707,20,171,65,60,50
1764,4328,81,14,5,1,7,17,14,11
1765,9167,72,32,465,71,250,93,35,62
1766,10560,23,10,16,1,2,0,0,1
1767,2631,29,18,358,108,413,141,97,32
1768,8312,80,12,1,9,7,2,14,10
1769,5534,30,17,123,1,26,2,0,72
1770,5093,15,18,40,3,30,10,7,11
1771,7592,86,16,102,9,63,2,9,24
1772,8895,68,23,347,44,534,17,0,26
1773,8584,54,17,376,53,462,168,53,53
1774,2694,44,11,21,0,3,0,0,0
1775,8910,7,24,194,2,56,0,0,0
1776,7433,87,20,64,4,68,7,5,17
1777,164,59,21,206,0,46,3,2,12
1778,10477,16,14,71,0,18,0,0,13
1779,2681,1,20,71,22,112,138,89,29
1780,5150,64,13,0,4,7,11,10,15
1781,5283,72,15,93,1,21,0,4,25
1782,9645,98,30,920,138,168,36,46,30
1783,10678,91,32,653,17,170,34,26,17
1784,7261,8,25,199,33,60,8,3,15
1785,9648,20,22,153,4,56,0,9,31
1786,2870,6,26,376,0,38,11,8,69
1787,8008,54,13,46,0,30,12,1,30
1788,1513,72,37,600,21,128,223,150,128
1789,6173,46,27,425,115,292,23,35,79
1790,1419,11,14,18,6,15,12,8,17
1791,9150,21,11,52,0,9,0,0,1
1792,7960,89,27,734,22,350,151,25,100
1793,1250,82,13,34,6,21,11,4,8
1794,9905,69,20,135,1,41,10,1,67
1795,10691,55,11,11,0,10,0,2,20
1796,7002,13,17,163,48,90,0,45,52
1797,2952,80,14,29,3,30,3,2,9
1798,8439,97,19,734,26,70,11,44,17
1799,762,27,25,340,21,134,258,14,56
1800,2831,99,29,453,38,279,188,38,183
1801,6977,87,35,1073,0,629,145,37,37
1802,6289,85,15,135,0,10,0,4,36
1803,4168,30,30,231,7,137,4,15,39
1804,8397,82,13,18,0,5,0,0,11
1805,9284,21,32,620,16,165,0,24,82
1806,6237,92,25,81,4,33,5,2,291
1807,3130,95,15,12,4,2,10,6,10
1808,1619,2,18,292,51,981,224,23,17
1809,1990,74,20,965,34,586,89,86,37
1810,5513,49,14,27,2,10,0,0,1
1811,269,71,30,777,30,163,0,51,122
1812,8093,72,15,572,8,232,23,62,17
1813,10513,68,19,438,169,565,91,169,70
1814,10177,4,22,531,69,300,150,138,150
1815,2549,80,14,17,0,9,0,0,1
1816,5782,15,27,402,35,106,101,77,42
1817,10057,70,29,503,27,419,90,139,153
1818,10307,91,24,369,9,87,12,14,34
1819,8566,10,11,5,0,3,0,0,1
1820,2415,99,20,362,17,398,80,35,61
1821,5684,25,14,56,0,9,0,0,3
1822,8334,34,16,79,1,31,4,4,12
1823,9166,57,25,387,84,141,73,35,162
1824,1440,84,32,367,17,241,104,188,232
1825,78,51,13,15,0,11,0,2,9
1826,5441,97,20,267,6,54,8,3,50
1827,5302,13,18,298,27,697,216,24,166
1828,4687,92,25,674,92,736,39,0,92
1829,1087,30,19,16,14,36,37,22,48
1830,6859,30,18,37,4,24,16,9,9
1831,9860,11,19,159,0,22,2,1,31
1832,7129,72,37,686,17,142,23,26,35
1833,5866,39,19,97,3,66,12,7,34
1834,10521,0,16,63,6,57,13,13,22
1835,7393,15,14,56,5,24,4,0,3
1836,7849,12,26,209,19,456,160,142,66
1837,332,56,20,198,2,43,0,12,20
1838,9847,39,22,313,15,47,20,0,192
1839,531,55,39,941,14,397,76,58,176
1840,9576,60,20,86,4,56,2,4,7
1841,6906,73,20,167,48,602,63,72,72
1842,7419,90,13,8,3,19,0,2,3
1843,3170,86,17,389,66,408,37,57,85
1844,8527,37,26,239,7,119,4,15,11
1845,7872,7,28,179,21,273,0,21,63
1846,9931,29,34,5,0,1,1,1,1
1847,10595,19,13,2,6,28,13,4,16
1848,4609,14,24,383,0,53,6,4,40
1849,5010,72,14,2,8,8,6,1,9
1850,4427,56,34,536,27,590,38,107,67
1851,11148,85,12,2,1,4,3,1,2
1852,1168,62,23,322,53,899,34,40,53
1853,9595,1,17,539,169,816,20,0,30
1854,10163,28,24,712,50,420,65,38,38
1855,2886,70,38,1121,0,72,0,12,12
1856,6710,84,13,68,1,13,3,5,13
1857,5316,89,14,36,4,18,6,2,18
1858,9029,73,24,707,44,603,95,58,29
1859,521,42,25,174,77,203,6,24,97
1860,1459,16,17,666,35,124,69,8,26
1861,10241,16,10,0,0,0,6,2,6
1862,1630,56,19,162,50,100,55,30,27
1863,3254,65,16,407,70,239,103,88,53
1864,9064,10,24,823,25,459,124,29,95
1865,3678,13,36,488,23,71,15,0,59
1866,4227,78,14,28,0,13,4,2,8
1867,9467,51,11,3,2,10,3,0,2
1868,8486,27,27,284,0,52,8,3,20
1869,2186,30,24,938,142,754,159,81,183
1870,3286,71,13,13,2,15,2,2,8
1871,8602,97,30,412,172,153,150,105,57
1872,3722,83,13,31,1,8,0,0,8
1873,6715,3,31,502,19,132,0,6,26
1874,4796,71,7,18,10,3,3,5,0
1875,9612,3,12,1,8,6,4,8,16
1876,3766,15,30,100,71,243,108,94,219
1877,1399,52,21,407,114,445,181,165,203
1878,1570,8,30,664,9,240,50,19,57
1879,3426,89,34,1045,61,338,60,46,46
1880,3074,66,24,1218,107,304,23,143,33
1881,8341,22,13,15,0,6,0,1,12
1882,5180,56,17,128,0,16,0,1,4
1883,6461,74,25,581,49,157,43,8,108
1884,7679,48,9,6,3,12,6,1,0
1885,10702,67,24,185,8,133,56,56,12
1886,7505,24,9,22,1,9,0,0,14
1887,5113,67,18,584,100,835,65,83,35
1888,10858,38,30,355,30,177,90,138,30
1889,2961,86,21,175,10,110,54,6,27
1890,2747,90,23,864,134,768,150,38,172
1891,3010,87,21,957,153,612,99,95,153
1892,5790,62,15,25,6,16,20,0,5
1893,6892,23,36,641,7,56,0,0,28
1894,1743,99,12,273,86,208,177,14,43
1895,3578,29,18,122,21,43,25,10,15
1896,8462,52,11,1,4,10,29,0,36
1897,5558,90,16,1020,31,430,62,63,79
1898,4619,9,28,6,2,3,1,262,3
1899,8780,71,21,378,14,68,19,14,14
1900,10789,13,14,42,1,18,3,0,4
1901,10779,16,12,15,5,14,0,4,11
1902,5896,94,17,272,7,80,20,7,11
1903,2337,77,15,9,1,24,2,1,2
1904,10951,20,18,279,0,18,0,0,9
1905,544,51,15,398,61,265,138,61,53
1906,17,81,33,637,47,237,12,19,76
1907,10680,71,14,45,0,16,2,1,6
1908,3265,36,11,21,1,9,7,3,5
1909,5623,95,12,15,4,13,0,0,19
1910,5832,32,21,493,183,352,184,23,28
1911,5544,32,27,957,40,175,158,53,107
1912,6417,85,26,829,138,430,60,92,15
1913,5831,93,26,1017,50,500,65,50,133
1914,7101,24,39,953,0,71,0,0,174
1915,10176,44,31,159,0,120,0,0,137
1916,2326,15,12,32,0,8,23,4,18
1917,4385,82,14,23,0,15,0,2,7
1918,2929,27,15,18,42,24,15,20,18
1919,10686,72,11,15,0,4,0,0,2
1920,2546,7,9,23,4,5,10,5,23
1921,3283,57,25,200,193,100,46,185,185
1922,3138,84,26,1324,27,119,71,108,27
1923,4994,53,29,1193,33,281,129,66,33
1924,7966,48,35,505,137,401,104,22,22
1925,3112,2,10,2,4,9,0,4,5
1926,10872,65,28,1103,0,45,0,0,34
1927,2181,45,16,353,61,753,40,46,27
1928,1867,42,24,652,48,350,94,84,108
1929,1518,29,31,379,6,157,25,91,91
1930,5734,83,12,46,4,36,2,2,1
1931,2878,93,18,162,31,127,8,17,69
1932,1458,40,15,8,3,19,3,3,8
1933,7007,47,15,17,3,18,3,4,18
1934,6200,50,26,340,108,185,130,38,100
1935,1403,40,13,8,4,15,3,5,3
1936,4827,3,24,154,22,202,39,30,8
1937,6250,62,32,710,15,30,20,0,0
1938,9291,25,9,8,2,4,0,0,1
1939,2478,48,10,2,2,4,13,13,4
1940,1139,56,24,1050,14,322,0,14,112
1941,5138,68,13,19,1,14,3,2,4
1942,5393,64,12,22,0,6,6,2,6
1943,10413,67,24,274,83,216,151,141,224
1944,5015,94,16,68,6,38,3,6,41
1945,10868,82,22,344,45,654,104,11,114
1946,10676,3,22,145,193,459,205,26,145
1947,2495,24,23,217,38,350,111,85,15
1948,7842,54,17,18,7,34,10,2,3
1949,9955,20,16,69,8,26,12,7,12
1950,6663,96,14,144,0,7,0,0,6
1951,2162,19,21,256,34,103,90,29,49
1952,3434,60,20,483,72,567,94,12,108
1953,7919,2,31,1285,105,653,28,21,0
1954,5626,13,20,338,4,89,11,8,13
1955,6428,37,17,605,10,345,84,54,32
1956,8514,59,11,8,0,7,3,1,1
1957,10448,55,25,172,41,86,45,6,27
1958,2109,60,30,448,71,951,40,17,17
1959,7530,48,14,67,4,32,17,2,16
1960,8925,38,31,512,53,98,81,179,89
1961,3009,8,21,1462,16,128,0,0,160
1962,6355,19,12,20,0,14,7,3,1
1963,3517,32,19,50,4,44,10,10,43
1964,1158,27,15,102,1,15,2,0,24
1965,6203,58,29,499,149,815,173,49,49
1966,7165,59,27,381,35,172,56,86,93
1967,3595,29,31,631,43,239,128,76,21
1968,8537,60,23,526,80,553,123,94,53
1969,4331,41,22,913,26,376,17,26,13
1970,6281,27,20,673,0,199,37,47,26
1971,4338,28,9,23,0,9,0,0,12
1972,2452,8,25,199,33,60,8,3,15
1973,9507,18,23,261,23,73,4,23,50
1974,8360,76,15,111,16,37,7,9,18
1975,10311,0,26,16,4,12,2,4,321
1976,5117,32,23,63,151,137,153,19,53
1977,4867,2,18,58,0,18,2,0,10
1978,9289,16,14,29,1,17,0,3,13
1979,10913,56,12,3,2,12,0,1,9
1980,3032,97,20,28,34,62,11,14,44
1981,8524,15,18,40,3,30,10,7,11
1982,3334,35,22,879,143,797,106,143,143
1983,4470,3,12,62,1,44,6,5,22
1984,1406,49,29,280,7,81,20,0,27
1985,8619,4,9,9,0,6,3,1,3
1986,10821,45,23,182,4,33,0,2,42
1987,4552,37,16,83,2,101,64,26,117
1988,898,39,18,38,15,54,3,8,29
1989,9797,38,18,228,19,130,4,11,51
1990,10949,8,22,1092,37,592,145,37,55
1991,8212,89,17,85,15,27,13,13,21
1992,6248,47,30,1276,24,746,94,29,48
1993,10164,75,21,1017,33,417,108,100,16
1994,4547,86,14,6,2,9,2,1,5
1995,6815,4,23,448,21,125,52,101,62
1996,4122,73,20,504,23,117,179,28,44
1997,10841,46,22,226,22,133,41,31,31
1998,5370,38,26,239,3,141,0,7,23
1999,176,73,15,90,38,67,33,36,67
2000,4860,66,11,7,2,8,3,2,3
2001,10757,36,10,4,2,5,2,0,0
2002,4023,29,18,16,17,19,20,21,22
2003,6679,29,7,10,3,3,0,0,0
2004,9923,6,16,68,0,16,0,0,8
2005,7181,97,15,35,0,13,2,0,2
2006,3599,61,28,575,80,428,208,93,80
2007,405,68,25,315,0,31,4,0,91
2008,6870,73,14,182,2,49,17,13,20
2009,832,90,28,561,14,113,10,14,35
2010,2002,81,20,587,51,932,180,34,86
2011,3657,1,19,94,1,33,13,12,12
2012,500,79,26,908,43,735,40,194,21
2013,1951,92,36,228,122,122,208,129,30
2014,3262,31,30,995,112,417,42,48,41
2015,4102,46,10,11,1,2,2,1,6
2016,7042,14,15,3,3,14,15,21,10
2017,10598,89,16,12,1,16,4,1,3
2018,255,31,12,17,0,2,0,0,2
2019,2375,75,12,8,0,5,0,3,6
2020,9829,42,15,22,4,17,12,10,13
2021,6214,53,12,14,10,29,4,7,15
2022,4954,53,23,106,27,68,52,7,5
2023,7861,23,23,820,57,242,45,0,11
2024,4837,57,32,753,43,226,69,10,204
2025,9423,49,13,13,3,17,7,3,3
2026,4198,6,10,9,1,3,0,4,8
2027,153,29,9,19,3,6,4,2,12
2028,9323,5,34,520,8,223,32,49,42
2029,10001,98,19,5,17,17,13,14,34
2030,3945,80,31,618,44,215,0,17,36
2031,3799,4,28,315,35,322,46,7,143
2032,8625,70,17,15,1,23,0,5,1
2033,3491,32,36,384,60,364,119,101,232
2034,983,82,20,110,29,92,28,10,145
2035,9119,27,17,208,17,76,36,17,38
2036,4786,94,35,555,82,257,93,61,61
2037,5872,23,25,240,90,216,63,6,24
2038,6568,97,13,11,0,36,15,5,12
2039,5628,25,30,848,154,323,201,61,78
2040,5631,92,22,202,47,197,55,42,149
2041,4974,98,36,433,89,650,16,102,102
2042,8416,19,13,6,6,15,10,5,2
2043,5454,80,11,37,0,7,3,0,3
2044,4095,80,28,167,37,64,49,34,116
2045,5474,79,18,45,7,99,4,25,43
2046,4268,50,13,129,0,21,0,1,7
2047,10701,60,32,713,0,264,120,80,34
2048,3507,44,20,676,161,426,210,44,58
2049,2079,0,23,450,26,535,73,98,26
2050,626,28,9,22,2,12,0,2,5
2051,4426,35,28,367,4,51,6,4,95
2052,2591,49,17,526,35,214,69,53,35
2053,10509,46,16,51,0,16,0,0,4
2054,6382,97,9,25,0,11,3,0,15
2055,6673,51,15,28,6,27,12,17,39
2056,7441,80,34,958,159,447,20,0,31
2057,1071,10,31,532,88,168,69,44,133
2058,10061,29,32,724,17,143,0,8,196
2060,8775,74,17,39,0,56,20,8,14
2062,2345,54,19,587,54,348,71,54,130
2063,322,93,11,29,1,11,0,0,0
2064,10897,63,38,757,80,217,29,80,11
2065,123,92,17,544,35,133,23,151,107
2066,6103,40,11,40,15,15,17,6,7
2067,7899,70,24,1245,33,332,21,33,16
2068,10500,96,14,19,1,20,16,14,28
2069,1655,81,12,16,3,15,2,1,11
2070,2406,63,24,376,4,94,12,9,24
2071,2712,85,23,184,178,178,103,39,33
2072,5517,51,13,15,0,11,0,2,9
2073,10643,23,25,124,83,267,85,59,35
2074,2254,95,26,627,120,414,121,80,93
2075,10281,11,23,180,60,241,13,54,54
2076,6958,42,11,14,0,4,0,0,8
2077,954,77,12,3,3,24,34,7,31
2080,4643,40,17,8,26,46,38,9,49
2082,6497,32,25,293,6,23,13,6,92
2083,5396,48,34,758,12,385,33,89,89
2085,1052,24,34,656,38,161,62,47,37
2086,2802,61,20,196,25,607,67,17,49
2087,6343,6,25,835,73,380,114,73,43
2088,6507,16,11,16,11,15,2,0,12
2089,7901,39,8,9,1,5,2,1,4
2090,4865,2,28,229,7,140,10,3,11
2091,2686,49,11,0,1,4,15,1,5
2092,3107,31,15,121,24,124,24,15,42
2093,7734,58,23,471,102,125,212,61,245
2094,1146,5,34,520,8,223,32,49,42
2095,11031,90,10,26,1,10,2,0,1
2096,7428,47,20,240,132,445,250,192,108
2097,975,25,21,178,4,26,8,4,44
2098,1103,60,26,1486,55,278,49,0,185
2099,3422,67,16,1115,12,128,33,12,76
2100,1055,40,9,29,0,8,2,0,6
2101,6544,63,30,529,0,356,63,28,0
2102,1241,1,15,13,3,8,7,4,16
2103,2909,89,23,934,24,230,16,24,36
2104,5802,40,13,2,7,11,16,12,27
2105,1407,5,14,4,12,5,3,16,17
2106,6183,3,12,62,1,44,6,5,22
2107,340,1,24,158,35,179,0,0,125
2108,5991,24,20,173,2,39,3,2,47
2109,3104,89,23,830,59,968,51,79,19
2110,9729,48,30,189,10,253,56,43,64
2111,1008,31,30,728,17,133,11,8,124
2112,11091,68,10,7,2,9,2,0,2
2113,3969,46,12,35,4,17,7,6,64
2114,1916,92,26,188,3,180,20,3,43
2115,9907,80,30,742,28,152,25,9,57
2116,87,16,14,0,7,5,26,2,17
2117,8659,50,29,750,71,174,13,10,20
2118,6262,93,24,816,42,450,55,56,154
2119,6147,51,11,5,2,8,2,2,9
2120,8832,24,16,37,5,56,12,8,5
2121,10067,79,11,4,0,4,0,0,5
2122,7532,26,18,99,2,11,4,0,16
2123,4915,86,28,176,72,98,136,21,229
2124,2115,68,12,54,0,10,0,0,2
2125,2088,98,26,997,15,414,99,30,76
2126,2493,34,23,356,0,107,19,9,117
2127,6292,60,20,1311,0,359,46,89,17
2128,1631,3,29,890,63,292,0,25,12
2129,10104,65,11,4,0,2,0,0,2
2130,3006,83,12,17,0,14,7,3,2
2131,3919,64,23,960,0,883,50,38,0
2132,11181,85,0,2,1,2,1,1,1
2133,642,69,16,1,3,2,20,30,47
2134,4369,48,19,240,67,500,199,0,163
2135,10127,21,22,301,11,61,4,7,11
2136,271,30,21,154,0,50,6,11,37
2137,4973,39,12,2,3,6,4,1,9
2138,2948,76,12,104,12,48,4,12,5
2139,2715,11,20,70,3,37,4,2,64
2140,10432,26,13,2,0,9,3,6,2
2141,9216,34,13,23,2,11,3,1,4
2142,7124,72,17,43,4,12,8,0,27
2143,9727,13,13,4,24,11,16,1,25
2144,5136,58,34,654,7,92,0,15,30
2145,9790,12,23,912,72,170,47,36,97
2146,1818,23,14,25,0,8,0,1,4
2147,1100,33,16,24,4,22,0,2,9
2148,7873,30,21,141,11,114,15,14,5
2149,10609,15,12,71,0,13,3,1,0
2150,6950,25,14,35,1,16,0,1,1
2151,7233,4,20,496,32,849,229,48,128
2152,9481,80,19,9,9,11,13,10,16
2153,7699,30,21,154,0,50,6,11,37
2154,2711,6,12,9,1,5,4,5,7
2155,8933,16,14,26,3,23,4,7,3
2156,8726,57,19,77,8,44,10,10,25
2157,1515,9,8,11,2,7,4,2,2
2158,5186,59,28,576,7,115,19,7,7
2159,10157,78,16,89,15,89,34,42,5
2160,5667,90,32,1013,30,399,60,46,153
2161,902,74,19,224,12,48,4,12,12
2162,977,10,26,200,19,111,50,15,19
2163,7313,63,26,570,73,614,133,102,73
2164,7600,13,13,1,3,3,8,1,13
2165,9706,98,16,62,1,20,4,0,7
2166,2429,4,22,531,69,300,150,138,150
2167,3520,94,17,162,28,818,0,28,56
2168,10394,91,19,675,144,133,94,192,241
2169,4548,66,9,23,4,10,0,2,15
2170,9362,14,24,492,5,32,13,5,21
2171,3968,77,34,918,10,129,13,0,129
2172,4084,41,27,224,155,155,192,93,54
2173,6721,21,20,572,19,286,50,38,248
2174,2829,25,28,626,0,70,0,7,28
2175,1772,2,21,1074,37,518,193,92,129
2176,1544,51,19,741,68,689,224,68,103
2177,492,3,27,322,3,50,4,3,42
2178,4377,32,22,254,10,44,30,10,227
2179,4541,84,17,116,6,82,6,6,41
2180,1321,49,17,22,2,18,0,2,12
2181,8858,69,29,516,0,21,0,0,5
2182,3266,96,9,14,36,11,3,26,35
2183,11187,23,14,2,8,10,12,14,23
2184,8207,18,9,28,0,9,3,0,0
2185,9723,8,33,530,142,217,62,9,56
2186,2666,21,26,519,50,167,130,0,41
2187,5721,60,26,611,76,749,59,45,26
2188,10652,48,19,240,67,500,199,0,163
2189,1646,36,10,4,9,12,11,2,8
2190,4418,36,27,671,47,655,145,111,15
2191,2656,63,12,23,1,7,0,4,24
2192,7990,2,10,9,1,2,3,2,0
2193,8722,38,28,556,54,845,202,133,63
2194,7118,61,28,833,80,363,52,26,174
2195,2980,52,18,12,0,13,4,2,4
2196,1839,25,15,56,7,48,10,2,18
2197,10722,63,23,293,8,124,11,4,106
2198,2632,10,26,297,0,38,13,0,152
2199,9014,65,18,39,1,16,2,0,3
2200,7620,71,16,5,11,16,21,8,45
2201,10968,0,32,266,21,300,65,8,44
2202,11133,3,27,322,3,50,4,3,42
2203,2736,88,25,366,124,156,71,78,54
2204,1876,15,12,32,0,8,23,4,18
2205,5959,80,23,158,0,23,0,0,18
2206,1092,17,27,269,129,495,182,43,29
2207,4333,76,17,41,0,10,0,0,3
2208,3850,52,11,3,3,3,15,4,15
2209,6168,28,10,33,0,5,0,0,15
2210,607,31,30,302,29,131,32,0,27
2211,10469,42,20,519,71,860,93,27,53
2212,6983,24,14,23,2,17,2,1,0
2213,3661,42,21,594,51,631,72,55,32
2214,9303,12,14,12,4,7,1,3,5
2215,692,88,10,4,2,5,0,0,5
2216,736,67,15,18,3,19,3,3,6
2217,9589,54,18,332,194,377,149,125,57
2218,4838,40,12,5,1,8,0,0,1
2219,9246,73,24,171,3,129,26,24,62
2220,6261,81,22,270,31,88,11,48,22
2221,7366,12,22,712,26,538,69,13,80
2222,10659,7,18,2,8,11,3,8,21
2223,1448,33,13,21,12,12,0,3,3
2224,4286,24,26,580,6,58,8,0,27
2225,4749,55,29,368,24,68,38,0,88
2226,4478,87,34,457,5,106,15,17,53
2227,4201,39,24,229,7,137,4,0,91
2229,10084,9,14,3,2,8,20,0,17
2230,7004,82,18,24,3,26,7,1,23
2231,9817,71,35,853,10,143,13,10,20
2232,8080,50,8,5,1,6,3,4,3
2234,8372,81,11,3,3,7,6,2,9
2235,10870,46,23,709,43,182,42,118,247
2236,4001,56,29,406,0,30,0,0,8
2237,7270,91,25,908,48,217,32,12,24
2238,8235,8,26,428,30,214,80,30,61
2239,9405,40,18,84,3,61,2,1,21
