,ID,Recency_Cluster,Frequency_Cluster,Wines_Cluster,Fruits_Cluster,Meat_Cluster,Fish_Cluster,Sweets_Cluster,Gold_Cluster
0,5524,1,2,1,1,2,2,1,1
1,2174,1,0,0,0,0,0,0,0
2,965,1,2,0,1,0,1,1,0
3,387,1,0,0,0,0,0,0,0
4,8180,1,1,0,0,0,0,0,0
5,2569,1,0,0,0,0,0,0,0
6,9736,1,0,0,0,0,0,0,0
7,9360,1,1,0,0,0,1,1,0
8,5376,1,2,0,0,2,0,0,0
9,1993,1,1,2,0,0,0,0,0
10,6864,1,0,0,0,0,0,0,0
11,3033,1,0,0,0,0,0,0,1
12,10738,1,0,0,0,0,0,0,0
13,4339,1,2,1,0,0,0,0,0
14,2968,1,2,1,0,1,2,1,0
15,6566,1,2,2,1,1,1,1,0
16,1331,1,0,0,0,0,0,0,0
17,2225,1,1,1,2,2,2,1,2
18,9381,1,1,1,0,0,0,0,1
19,6260,1,2,2,1,1,2,2,2
20,8375,1,1,1,0,0,0,0,0
21,1050,1,0,0,0,0,0,0,0
22,1859,1,1,1,2,2,1,0,0
23,7503,1,1,2,2,2,2,2,1
24,4119,1,0,0,0,0,0,0,1
25,273,1,1,0,0,0,0,0,0
26,11100,1,0,0,0,0,0,0,0
27,4646,1,2,0,0,1,1,0,2
28,1016,1,0,0,0,0,0,0,0
29,4518,1,2,1,2,0,2,2,1
30,8908,1,1,0,1,2,1,0,0
31,2683,1,2,1,2,1,1,1,1
32,5077,1,2,1,2,1,0,1,1
33,7431,1,1,2,0,1,0,1,1
34,9862,1,0,0,0,0,0,0,0
35,9805,1,1,1,1,0,0,1,0
36,8442,1,0,0,0,0,0,0,0
37,11071,1,0,1,2,2,2,0,2
38,3381,1,0,0,0,0,0,0,0
39,433,1,2,1,0,0,0,0,0
40,5290,1,1,0,0,0,0,0,0
41,9579,1,0,0,0,0,0,0,0
42,7660,1,0,0,0,0,0,0,0
43,821,1,1,2,1,2,1,1,0
44,2937,1,2,1,0,0,0,0,0
45,9949,1,1,1,0,0,0,1,1
46,10837,1,0,0,0,0,0,0,0
47,3120,1,0,0,0,0,0,0,0
48,4050,1,0,0,0,0,0,0,0
49,3830,1,1,1,0,0,0,0,0
50,7055,1,2,2,0,0,0,0,1
51,9283,1,0,0,0,0,0,0,0
52,2730,1,1,1,0,1,2,1,1
53,3712,1,0,0,0,0,0,0,0
54,6637,1,0,1,2,1,2,1,1
55,5610,1,0,0,0,0,0,0,0
56,8717,1,2,2,1,1,1,1,0
57,6935,1,2,0,0,1,1,0,2
58,3518,1,0,0,0,0,0,0,0
59,5823,1,0,0,0,0,0,0,0
60,3934,1,1,1,0,0,0,0,1
61,9733,1,0,0,0,0,0,0,0
62,326,1,1,0,0,0,0,0,0
63,7300,1,1,1,0,0,0,0,0
64,10424,1,1,0,2,2,2,0,1
65,8727,1,2,1,1,1,0,1,1
66,2798,1,2,2,0,0,1,2,1
67,5552,1,1,0,0,0,1,0,0
68,0,1,1,0,0,2,2,1,1
69,454,1,2,2,1,0,0,0,0
70,2075,1,0,1,0,2,1,0,0
71,9076,1,1,0,0,0,0,0,0
72,7079,1,2,2,0,1,0,0,1
73,4653,1,1,0,0,0,0,0,0
74,3726,1,0,0,0,0,0,0,0
75,1606,1,0,0,0,0,0,0,0
76,9617,1,0,0,0,0,0,0,0
77,89,1,0,0,0,0,0,0,0
78,2936,1,0,0,0,0,0,0,0
79,7297,1,1,0,0,0,0,0,0
80,6439,1,2,2,0,0,0,0,2
81,2176,1,1,2,0,1,1,0,1
82,8932,1,2,2,0,0,2,1,1
83,10236,1,0,0,0,0,0,0,0
84,6340,1,0,0,0,0,0,0,0
85,5304,1,0,0,0,0,0,0,0
86,309,1,1,2,0,0,0,0,0
87,10264,1,0,0,0,0,0,0,0
88,1184,1,2,1,1,1,0,0,0
89,1225,1,1,1,1,1,2,1,2
90,6336,1,0,0,0,0,0,0,0
91,10967,1,0,0,0,0,0,0,0
92,3445,1,2,0,2,1,1,1,2
93,4391,1,2,1,0,0,0,0,2
94,4669,1,0,0,0,0,0,0,0
95,4697,1,1,0,0,0,0,0,1
96,2926,1,2,2,0,0,0,0,0
97,9738,1,0,0,0,0,0,0,0
98,7119,1,0,1,0,1,1,1,0
99,3924,1,2,2,0,0,0,0,0
100,5827,1,0,0,0,0,0,0,0
101,5596,1,2,1,0,0,0,0,0
102,1717,1,1,0,0,0,0,0,1
103,9274,1,1,1,2,0,2,2,1
104,6609,1,0,0,0,0,0,0,0
105,6320,1,1,2,1,2,1,1,0
106,2392,1,0,0,0,0,0,0,0
107,113,1,0,0,0,0,0,0,0
108,9750,1,2,2,1,1,1,0,1
109,7214,1,1,2,0,1,1,1,1
110,5835,1,0,0,0,0,0,0,0
111,10350,1,0,0,0,0,0,0,0
112,663,1,0,0,0,0,0,0,0
113,9592,1,0,0,0,0,0,0,0
114,10151,1,1,1,1,1,2,1,2
115,9707,1,2,2,0,0,0,0,0
116,1411,1,0,0,1,1,2,2,2
117,8553,1,0,0,0,0,0,0,0
118,8842,1,0,0,0,0,0,0,0
119,9185,1,1,1,0,1,0,0,0
120,9365,1,2,2,0,1,0,0,0
121,6201,1,0,0,0,0,0,0,0
122,2061,1,0,0,0,0,0,0,0
123,6142,1,0,1,0,0,1,0,0
124,4107,1,1,0,0,0,0,0,0
125,9336,1,1,1,0,0,0,0,0
126,2958,1,0,0,0,0,0,0,0
127,10704,1,1,1,0,0,0,0,2
128,5125,1,2,1,0,2,2,1,0
129,2928,1,1,2,0,0,0,0,0
130,5680,1,0,0,0,0,0,0,0
131,2557,1,0,0,0,0,0,0,0
132,1245,1,2,2,0,1,0,0,1
133,2098,1,0,0,0,0,0,0,0
134,2724,1,0,0,0,0,0,0,0
135,2066,1,0,0,0,0,0,0,0
136,9799,1,1,2,0,0,0,0,1
137,2669,1,1,1,2,1,1,1,1
138,3428,1,1,2,0,1,1,0,0
139,6354,1,0,0,0,0,0,0,0
140,194,1,0,0,0,0,0,0,0
141,10882,1,1,1,1,1,1,2,0
142,4216,1,2,2,2,0,2,2,1
143,1340,1,2,1,2,2,2,2,0
144,5987,1,0,0,0,0,0,0,0
145,4324,1,2,0,0,1,0,0,2
146,9347,1,0,0,0,0,0,0,0
147,5012,1,0,0,0,0,0,0,0
148,4947,1,2,1,0,2,2,2,1
149,7540,1,0,0,0,0,0,0,0
150,7851,1,1,0,0,1,2,2,1
151,7059,1,1,1,1,1,2,1,2
152,2815,1,0,0,0,0,0,0,0
153,2021,1,2,1,1,1,1,2,1
154,9081,1,0,0,0,0,0,0,0
155,178,1,2,1,0,1,1,1,1
156,10581,1,2,1,0,0,0,0,1
157,5300,1,0,0,0,0,0,0,0
158,5154,1,0,0,0,0,0,0,0
159,2426,1,2,1,1,0,2,1,0
160,716,1,2,1,0,1,1,0,0
161,5140,1,2,2,0,0,1,1,2
162,10160,1,0,0,0,0,0,0,0
163,8939,1,2,1,2,0,1,0,1
164,182,1,1,1,0,0,0,0,1
165,203,1,1,2,0,2,1,1,0
166,9214,1,1,0,0,0,0,0,1
167,35,1,0,0,0,0,0,0,1
168,2004,1,1,1,1,1,1,1,1
169,4769,1,2,1,0,0,0,0,0
170,4437,1,0,0,0,0,0,0,0
171,8724,1,0,0,0,0,0,0,0
172,11096,1,0,0,0,0,0,1,0
173,3665,1,0,0,0,0,0,0,0
174,10591,1,1,0,0,0,0,0,0
175,5036,1,1,0,0,0,0,0,1
176,7822,1,1,0,0,1,0,2,1
177,9671,1,1,0,0,0,0,0,0
178,2256,1,0,0,0,0,0,0,0
179,8692,1,1,0,0,0,0,0,0
180,448,1,1,1,1,0,1,1,1
181,3174,1,1,2,1,1,1,1,0
182,4184,1,0,0,0,0,0,0,0
183,891,1,0,0,0,0,0,0,0
184,10381,1,0,0,0,0,0,0,0
185,3526,1,0,0,0,0,0,0,0
186,8181,1,1,0,0,0,0,0,0
187,7369,1,0,0,0,0,0,0,0
188,1160,1,1,0,0,0,0,0,0
189,10242,1,0,0,0,0,0,0,0
190,5966,1,1,0,0,0,0,0,0
191,5081,1,0,0,0,0,0,0,0
192,5123,1,0,0,0,0,0,0,1
193,5756,1,0,0,0,0,0,0,0
194,9058,1,1,2,0,1,0,0,2
195,3710,1,0,0,0,0,0,0,0
196,3075,1,0,0,0,0,0,1,0
197,6919,1,0,0,0,0,0,0,0
198,3537,1,1,0,0,0,0,0,0
199,8477,1,0,0,0,0,0,0,0
200,6682,1,0,0,0,0,0,0,0
201,10972,1,0,1,1,0,1,0,0
202,10708,1,0,0,0,0,0,0,0
203,6583,1,1,1,0,1,1,1,1
204,10156,1,1,0,1,1,2,0,2
205,10727,1,2,2,2,1,0,0,0
206,9624,1,0,1,1,1,0,0,1
207,1907,1,2,2,1,1,1,1,1
208,701,1,1,1,0,1,1,1,1
209,4149,1,1,1,1,2,0,0,0
210,2131,1,2,2,1,0,0,0,0
211,4381,1,1,0,0,0,0,0,0
212,4611,1,2,2,2,0,2,0,2
213,4679,1,2,1,0,0,1,1,1
214,6728,1,0,0,0,0,0,0,0
215,6661,1,2,2,1,1,0,1,0
216,3867,1,2,1,2,1,0,1,1
217,1987,1,0,0,0,0,0,0,0
218,11007,1,0,0,0,0,0,0,0
219,9204,1,1,1,2,1,1,2,2
220,3197,1,1,1,1,0,1,2,1
221,2920,1,1,2,0,0,0,0,0
222,2891,1,2,1,0,0,0,0,2
223,10767,1,1,2,1,1,0,1,0
224,8315,1,0,0,0,0,0,0,0
225,2868,1,0,0,0,0,0,0,0
226,10888,1,1,0,0,0,1,1,0
227,4472,1,0,0,0,0,0,0,0
228,1272,1,2,1,1,0,0,0,1
229,1044,1,1,1,0,1,0,0,1
230,10479,1,0,2,1,1,1,2,2
231,1715,1,0,0,0,0,0,0,0
232,4329,1,0,0,0,0,0,0,0
233,6086,1,1,1,0,2,1,1,0
234,437,1,1,1,2,1,2,1,2
235,11171,1,2,1,0,0,0,0,0
236,610,1,2,1,0,0,0,0,0
237,9384,1,1,1,0,0,0,0,1
238,7875,1,2,2,0,2,0,1,0
239,6516,1,0,0,0,0,0,0,0
240,3560,1,1,2,0,1,1,0,2
241,7235,1,0,0,0,0,0,0,0
242,2281,1,0,0,0,0,0,0,0
243,7723,1,1,1,1,1,1,1,1
244,4012,1,2,2,0,1,0,0,0
245,6887,1,1,0,0,1,0,1,0
246,8786,1,1,1,0,0,0,0,1
247,1915,1,1,2,2,1,2,0,2
248,1072,1,0,0,0,0,0,0,0
249,10839,1,0,0,0,0,0,0,0
250,49,1,0,0,0,0,0,0,0
251,10219,1,0,0,0,0,0,0,0
252,6543,1,0,1,2,2,1,1,1
253,10446,1,1,0,0,1,0,0,0
254,3479,1,0,0,0,0,0,0,0
255,11075,1,1,0,0,0,0,0,0
256,199,1,1,0,0,0,0,0,0
257,3749,1,2,1,1,2,2,1,0
258,8523,1,1,0,0,0,0,0,0
259,236,1,0,0,0,0,0,0,0
260,4599,1,2,1,0,0,0,0,0
261,9145,1,1,1,0,1,1,2,1
262,3900,1,1,1,0,0,0,0,1
263,7034,1,0,0,0,0,0,0,0
264,1143,1,0,0,0,0,0,0,0
265,5536,1,1,2,1,1,1,1,0
266,5989,1,2,2,2,1,0,2,0
267,4887,1,0,0,0,0,0,0,0
268,3321,1,1,1,0,0,0,0,0
269,9904,1,2,1,2,1,1,2,2
270,6141,1,1,0,0,0,0,0,1
271,10856,1,0,0,0,0,0,0,0
272,368,1,1,0,1,0,0,1,0
273,5848,1,1,2,1,2,1,1,2
274,5935,1,2,1,0,0,0,0,1
275,4856,1,2,1,1,2,2,2,1
276,7186,1,0,0,0,0,0,0,0
277,425,1,2,1,1,0,1,0,1
278,3007,1,0,0,0,0,0,0,0
279,807,1,1,0,0,0,0,0,0
280,4120,1,1,0,1,0,1,0,1
281,8687,1,1,0,1,0,1,0,1
282,9353,1,1,1,1,1,1,1,0
283,3623,1,0,0,0,0,0,0,0
284,738,1,1,0,0,0,0,0,0
285,7631,1,1,1,1,0,0,0,2
286,773,1,2,1,0,0,0,0,1
287,8086,1,0,0,0,0,0,0,0
288,8825,1,2,0,0,0,1,0,1
289,7108,1,1,0,0,0,0,0,1
290,9960,1,0,0,0,0,0,0,0
291,8800,1,2,1,0,1,2,1,0
292,7037,1,1,0,1,0,0,0,0
293,905,1,1,0,0,0,0,0,0
294,8624,1,1,0,1,1,1,2,1
295,8945,1,0,0,0,0,0,0,0
296,1968,1,0,0,0,0,0,0,0
297,4654,1,1,1,0,1,1,1,0
298,9308,1,0,1,1,1,2,1,1
299,4988,1,0,0,0,0,0,0,0
300,3139,1,1,2,2,2,2,1,2
301,10037,1,1,1,2,1,1,1,1
302,5303,1,1,1,0,1,1,0,0
303,1628,1,1,1,0,1,2,1,0
304,1204,1,2,2,0,1,0,1,0
305,3673,1,2,1,0,1,0,0,1
306,8957,1,2,1,1,1,1,1,2
307,4128,1,1,1,0,0,0,0,1
308,5386,1,1,2,0,2,2,1,2
309,3202,1,2,2,0,0,0,0,0
310,1328,1,1,0,1,0,1,1,2
311,6387,1,0,0,0,0,0,0,0
312,5048,1,0,0,0,0,0,0,0
313,10031,1,1,0,0,0,0,0,0
314,9665,1,1,0,0,0,0,0,1
315,4640,1,2,1,1,0,0,2,1
316,5633,1,1,0,0,0,0,0,0
317,10489,1,1,1,0,2,0,0,1
318,7011,1,0,0,0,0,0,0,0
319,2620,1,0,0,0,0,0,0,0
320,3933,1,2,0,1,1,1,1,0
321,1734,1,1,0,0,0,0,0,0
322,2611,1,1,2,1,1,2,0,0
323,1600,1,2,1,0,0,0,0,0
324,3308,1,0,0,0,0,0,0,0
325,2166,1,0,0,0,0,0,0,0
326,3056,1,2,1,1,1,0,1,1
327,6872,1,1,1,0,0,0,0,0
328,4580,1,2,2,0,2,1,1,2
329,9305,1,2,1,0,2,2,1,1
330,7378,1,2,1,0,0,0,0,0
331,1640,1,0,0,0,0,0,0,0
332,5184,1,0,0,0,0,0,0,0
333,9097,1,1,0,0,0,0,0,1
334,10473,1,2,0,0,1,0,0,0
335,6374,1,1,0,0,0,0,0,0
336,7453,1,1,0,1,0,1,1,0
337,241,1,1,2,0,1,1,0,2
338,8975,1,1,0,0,0,0,0,0
339,6119,1,0,0,0,0,0,0,0
340,5723,1,0,0,0,0,0,0,0
341,1710,1,2,0,0,0,0,0,0
342,10634,1,1,0,1,0,0,1,0
343,7010,1,1,1,2,1,2,2,1
344,4550,1,0,0,0,0,0,0,0
345,3706,1,0,0,0,0,0,0,0
346,8985,1,2,2,1,0,1,0,0
347,9220,1,1,1,2,2,1,2,0
348,9503,1,1,0,1,0,0,0,0
349,10613,1,0,0,0,0,0,0,0
350,10749,1,2,0,0,0,0,0,0
351,4767,1,1,1,2,1,2,2,1
352,5731,1,0,0,0,0,0,0,0
353,3759,1,2,2,0,0,0,0,2
354,2055,1,0,0,0,0,0,0,0
355,2223,1,2,2,1,1,1,2,2
356,3081,1,0,0,0,0,0,0,0
357,6295,1,2,1,0,0,0,0,2
358,1127,1,1,2,0,2,0,1,0
359,9964,1,1,0,1,0,1,0,0
360,4790,1,0,1,0,1,0,0,0
361,1109,1,0,0,0,0,0,0,0
362,6001,1,2,1,1,0,1,1,0
363,7409,1,1,0,0,0,0,0,0
364,880,1,0,0,0,0,0,0,0
365,2308,1,1,0,0,0,0,0,0
366,5995,1,2,0,0,0,0,0,0
367,8977,1,0,0,0,0,0,0,0
368,4756,1,2,0,0,2,0,0,1
369,10542,1,1,0,0,0,0,0,0
370,10617,1,0,0,0,0,0,0,0
371,849,1,1,1,1,0,0,1,0
372,523,1,0,0,0,0,0,0,0
373,4961,1,0,0,0,0,0,0,0
374,10525,1,0,0,0,0,0,0,0
375,1453,1,2,2,1,0,1,0,0
376,10710,1,0,0,0,0,0,0,0
377,1077,1,1,0,2,1,2,2,0
378,640,1,2,1,1,1,2,0,1
379,6905,1,1,0,1,2,0,0,1
380,5922,1,1,0,0,0,0,0,0
381,3598,1,1,1,1,0,0,0,0
382,6263,1,0,0,0,0,0,0,0
383,10486,1,1,1,1,0,0,2,1
384,10660,1,1,1,0,0,0,0,0
385,8686,1,0,0,0,0,0,0,0
386,359,1,1,1,0,0,0,0,0
387,1829,1,2,2,0,0,0,0,0
388,590,1,1,2,1,2,2,1,1
389,2315,1,0,0,0,0,0,0,0
390,2245,1,0,0,0,0,0,0,0
391,6283,1,2,1,0,0,0,0,2
392,9500,1,2,0,2,0,1,1,1
393,3602,1,0,0,0,0,0,0,0
394,234,1,0,0,0,0,0,0,0
395,2995,1,1,1,0,2,1,0,0
396,8955,1,0,0,0,0,0,0,0
397,945,1,0,0,0,0,0,0,0
398,7192,1,1,0,1,0,1,1,0
399,3439,1,1,0,0,0,0,0,1
400,8876,1,1,0,0,0,0,0,0
401,4500,1,1,2,0,1,1,0,0
402,9739,1,0,0,0,0,0,0,0
403,1176,1,0,0,0,0,0,0,0
404,7736,1,0,0,0,0,0,0,0
405,8210,1,1,1,0,0,0,0,1
406,833,1,0,0,0,0,0,0,0
407,6230,1,1,0,0,0,0,0,0
408,6211,1,0,0,0,0,0,0,0
409,843,1,2,1,0,1,1,2,0
410,6918,1,0,0,0,0,0,0,0
411,286,1,1,0,0,0,0,0,0
412,7718,1,0,0,1,1,1,0,0
413,6862,1,2,0,0,0,0,0,0
414,4136,1,1,0,0,0,0,0,0
415,4298,1,0,0,0,0,0,0,0
416,10833,1,2,2,0,0,0,0,0
417,9606,1,0,2,0,1,0,0,0
418,8534,1,2,1,0,1,0,1,0
419,5011,1,2,1,0,0,0,0,2
420,9094,1,1,1,0,0,0,0,2
421,810,1,1,0,1,0,2,1,1
422,5107,1,0,0,0,0,0,0,0
423,8147,1,0,0,0,0,0,0,0
424,5207,1,2,1,0,0,0,0,2
425,635,1,2,1,0,0,0,0,1
426,10319,1,2,2,0,0,0,0,1
427,907,1,1,0,0,0,0,0,0
428,679,1,0,0,0,0,0,0,0
429,5267,1,0,0,0,0,0,0,0
430,5543,1,2,1,0,0,0,0,1
431,5336,1,0,0,0,0,0,0,0
432,6024,1,1,2,0,2,2,1,2
433,3099,1,1,0,0,0,0,0,1
434,5841,1,2,1,0,0,0,0,1
435,4394,1,1,2,0,1,0,0,0
436,6658,1,2,2,1,0,1,0,2
437,4603,1,1,1,1,0,0,1,0
438,6197,1,1,0,0,0,0,0,0
439,4937,1,0,0,0,0,0,0,0
440,1920,1,0,0,0,0,0,0,0
441,10377,1,1,0,0,0,0,0,1
442,9206,1,2,1,1,1,1,2,2
443,839,1,0,0,0,0,0,0,0
444,5147,1,2,2,1,0,2,2,1
445,11039,1,1,0,1,0,1,0,0
446,942,1,1,0,0,0,0,0,0
447,5181,1,0,0,0,0,0,0,0
448,3834,1,2,0,2,1,2,0,1
449,7275,1,0,0,0,0,0,0,0
450,1343,1,2,1,0,0,0,0,1
451,6181,1,2,1,0,1,1,2,0
452,2698,1,1,0,0,0,0,0,0
453,10420,1,0,0,0,0,0,0,0
454,4791,1,0,0,0,0,0,0,0
455,2963,1,1,1,1,1,1,1,1
456,8140,1,0,0,0,0,0,0,0
457,2589,1,0,0,0,0,0,0,0
458,3421,1,2,1,0,0,0,0,2
459,9958,1,1,1,0,0,0,0,1
460,4188,1,1,0,0,0,0,0,1
461,6613,1,2,1,0,0,1,0,0
462,10827,1,1,0,0,0,0,0,0
463,8402,1,1,1,1,1,2,1,0
464,8783,1,1,1,0,0,0,0,0
465,10010,1,1,0,0,0,0,0,0
466,9121,1,1,2,0,1,1,0,1
467,2678,1,1,0,0,0,0,1,1
468,524,1,0,0,0,0,0,0,0
469,10341,1,0,0,0,0,0,0,0
470,5654,1,0,0,0,0,0,0,0
471,2561,1,2,2,0,1,0,0,1
472,8254,1,0,0,0,0,0,0,0
473,2836,1,0,0,0,0,0,0,0
474,8418,1,0,0,0,0,0,0,0
475,7152,1,0,0,0,0,0,0,0
476,10033,1,0,0,0,0,0,0,0
477,5967,1,0,0,0,0,0,0,0
478,4530,1,1,2,0,2,2,0,2
479,1232,1,1,1,1,1,1,1,2
480,1927,1,1,1,0,0,1,0,0
481,5788,1,0,0,0,0,0,0,0
482,6246,1,1,1,2,2,0,1,0
483,6875,1,1,0,0,0,1,0,1
484,2157,1,0,0,0,0,0,0,0
485,2525,1,1,0,1,0,1,1,0
486,10403,1,0,0,0,0,0,0,0
487,4690,1,2,1,0,0,0,0,0
488,7521,1,1,2,0,1,1,0,2
489,4706,1,0,0,0,0,0,0,0
490,5868,1,0,0,0,0,0,0,0
491,8370,1,1,1,2,1,2,2,0
492,5529,1,2,1,0,0,0,0,0
493,5763,1,1,0,0,0,0,0,0
494,1763,1,2,2,2,2,1,2,0
495,7250,1,2,1,1,0,0,0,0
496,6885,1,0,0,0,0,0,0,0
497,2072,1,2,2,0,0,0,0,0
498,6318,1,2,2,0,1,0,1,1
499,4093,1,1,0,0,0,0,0,1
500,5751,1,0,0,0,0,0,0,0
501,3340,1,2,0,0,0,0,0,1
502,3584,1,2,2,0,0,0,0,0
503,3643,1,0,2,0,0,0,0,0
504,851,1,2,1,0,0,0,2,1
505,10380,1,0,0,0,0,0,0,0
506,11110,1,0,0,0,0,0,0,0
507,202,1,1,1,2,1,2,2,1
508,3536,1,0,0,0,0,0,0,0
509,6050,1,2,2,1,1,0,0,0
510,125,1,1,0,0,0,0,0,0
511,3463,1,2,1,1,0,0,0,0
512,1079,1,2,2,0,0,0,0,0
513,3852,1,2,1,1,1,0,0,1
514,10212,1,0,0,0,0,0,0,0
515,5636,1,0,0,0,0,0,0,1
516,2217,1,0,0,0,0,0,0,0
517,7725,1,0,0,0,1,0,1,1
518,8091,1,1,1,2,1,0,1,0
519,5462,1,2,2,1,1,0,1,0
520,6642,1,0,0,0,0,0,0,0
521,879,1,2,1,0,0,0,0,0
522,10478,1,2,1,0,0,0,0,0
523,8135,1,0,0,0,0,0,0,0
524,8685,1,2,0,0,0,0,0,1
525,9952,1,1,1,1,2,0,1,0
526,1626,1,0,0,0,0,0,0,0
527,4764,1,1,0,0,0,0,0,0
528,2471,1,0,0,1,0,0,1,0
529,2612,1,2,2,2,2,1,0,0
530,10069,1,0,0,0,0,0,0,0
531,1131,1,0,0,0,0,0,0,0
532,7943,1,0,0,0,0,0,0,0
533,5272,1,2,1,0,0,0,0,1
534,800,1,0,0,0,0,0,0,0
535,8969,1,2,1,0,1,0,2,0
536,4480,1,1,1,0,0,0,0,0
537,1773,1,0,0,0,0,0,0,0
538,5423,1,0,0,0,0,0,0,0
539,8286,1,0,0,0,0,0,0,0
540,6097,1,2,1,0,0,0,0,1
541,7019,1,0,0,0,0,0,0,0
542,8041,1,2,1,1,0,1,2,0
543,3276,1,0,0,0,0,0,0,0
544,3859,1,2,1,2,1,0,1,1
545,3570,1,1,0,0,0,0,0,0
546,3783,1,0,0,0,0,0,0,0
547,10207,1,0,0,0,0,0,0,0
548,10906,1,1,0,0,0,0,0,0
549,6866,1,0,0,0,0,0,0,0
550,6575,1,2,0,1,1,0,0,1
551,5177,1,1,1,0,0,0,0,0
552,7485,1,0,0,0,0,0,0,0
553,8395,1,2,2,1,1,0,2,0
554,13,1,0,0,0,0,0,0,0
555,2295,1,1,1,0,0,1,1,0
556,2781,1,1,2,1,2,2,1,0
557,1165,1,2,0,0,0,1,0,1
558,2639,1,0,0,0,0,0,0,0
559,8299,1,0,0,0,0,0,0,0
560,6912,1,1,1,0,0,0,0,0
561,5299,1,2,2,2,1,0,0,0
562,8143,1,1,0,0,0,0,0,0
563,1964,1,1,1,2,2,0,2,1
564,3433,1,1,1,0,1,1,1,1
565,3389,1,2,2,1,1,1,2,2
566,1170,1,1,0,0,0,0,0,0
567,1215,1,1,1,2,1,1,2,1
568,2156,1,0,0,0,0,0,0,0
569,7788,1,0,0,0,0,0,0,0
570,2570,1,2,1,0,0,0,0,0
571,7397,1,2,1,0,0,0,0,1
572,10790,1,0,0,0,0,0,0,0
573,3565,1,0,0,0,0,0,0,0
574,5294,1,0,0,0,0,0,0,0
575,1045,1,1,0,0,0,0,0,0
576,4055,1,0,0,0,0,0,0,0
577,7629,1,0,0,0,0,0,0,0
578,1000,1,2,1,1,1,0,0,1
579,3828,1,2,1,0,1,2,2,2
580,8605,1,0,0,0,0,0,0,0
581,10129,1,1,1,2,1,1,2,1
582,2499,1,1,0,2,0,0,2,0
583,10092,1,2,2,0,1,2,0,0
584,7500,1,1,0,0,1,0,1,0
585,10556,1,1,0,0,0,0,0,0
586,10250,1,0,0,0,0,0,0,0
587,737,1,0,2,1,1,1,1,0
588,3571,1,1,2,0,0,0,0,0
589,5092,1,2,1,0,0,0,0,0
590,2154,1,0,0,0,0,0,0,0
591,5394,1,0,0,0,0,0,0,0
592,5247,1,0,0,0,0,0,0,0
593,8812,1,0,0,0,0,0,0,0
594,6616,1,1,0,0,0,1,1,1
595,2797,1,2,1,0,0,1,1,1
596,8584,1,0,1,1,1,2,1,1
597,2694,1,0,0,0,0,0,0,0
598,164,1,1,0,0,0,0,0,0
599,5150,1,0,0,0,0,0,0,0
600,8008,1,0,0,0,0,0,0,0
601,6173,1,2,1,2,1,0,1,1
602,10691,1,0,0,0,0,0,0,0
603,5513,1,0,0,0,0,0,0,0
604,8334,1,0,0,0,0,0,0,0
605,9166,1,1,1,1,0,1,1,2
606,78,1,0,0,0,0,0,0,0
607,5866,1,1,0,0,0,0,0,0
608,332,1,1,0,0,0,0,0,0
609,9847,1,1,1,0,0,0,0,2
610,531,1,2,2,0,1,1,1,2
611,9576,1,1,0,0,0,0,0,0
612,8527,1,1,0,0,0,0,0,0
613,4427,1,2,1,0,2,0,2,1
614,1168,1,1,1,1,2,0,1,1
615,521,1,1,0,1,1,0,0,1
616,1630,1,1,0,1,0,1,0,0
617,3254,1,0,1,1,1,1,1,1
618,9467,1,0,0,0,0,0,0,0
619,1399,1,1,1,2,1,2,2,2
620,3074,1,1,2,2,1,0,2,0
621,5180,1,0,0,0,0,0,0,0
622,7679,1,0,0,0,0,0,0,0
623,10858,1,2,1,0,0,1,2,0
624,5790,1,0,0,0,0,0,0,0
625,8462,1,0,0,0,0,0,0,0
626,544,1,0,1,1,1,2,1,1
627,3265,1,0,0,0,0,0,0,0
628,10176,1,2,0,0,0,0,0,2
629,3283,1,1,0,2,0,1,2,2
630,4994,1,2,2,1,1,2,1,0
631,7966,1,2,1,2,1,1,0,0
632,10872,1,2,2,0,0,0,0,0
633,2181,1,0,1,1,2,0,1,0
634,1867,1,1,1,1,1,1,1,1
635,1458,1,0,0,0,0,0,0,0
636,7007,1,0,0,0,0,0,0,0
637,6200,1,1,1,2,0,2,1,1
638,1403,1,0,0,0,0,0,0,0
639,6250,1,2,1,0,0,0,0,0
640,2478,1,0,0,0,0,0,0,0
641,1139,1,1,2,0,1,0,0,1
642,5393,1,0,0,0,0,0,0,0
643,7842,1,0,0,0,0,0,0,0
644,3434,1,1,1,1,2,1,0,1
645,6428,1,0,1,0,1,1,1,0
646,8514,1,0,0,0,0,0,0,0
647,10448,1,1,0,1,0,1,0,0
648,2109,1,2,1,1,2,0,0,0
649,7530,1,0,0,0,0,0,0,0
650,8925,1,2,1,1,0,1,2,1
651,6203,1,2,1,2,2,2,1,1
652,7165,1,2,1,1,0,1,1,1
653,8537,1,1,1,1,2,1,1,1
654,4331,1,1,2,0,1,0,0,0
655,10913,1,0,0,0,0,0,0,0
656,3334,1,1,2,2,2,1,2,2
657,1406,1,2,1,0,0,0,0,0
658,10821,1,1,0,0,0,0,0,0
659,4552,1,0,0,0,0,1,0,1
660,898,1,1,0,0,0,0,0,0
661,9797,1,1,0,0,0,0,0,1
662,6248,1,2,2,0,2,1,0,0
663,10841,1,1,0,0,0,0,0,0
664,5370,1,1,0,0,0,0,0,0
665,4860,1,0,0,0,0,0,0,0
666,10757,1,0,0,0,0,0,0,0
667,3599,1,2,1,1,1,2,1,1
668,4102,1,0,0,0,0,0,0,0
669,9829,1,0,0,0,0,0,0,0
670,6214,1,0,0,0,0,0,0,0
671,4954,1,1,0,0,0,1,0,0
672,4837,1,2,2,1,1,1,0,2
673,9423,1,0,0,0,0,0,0,0
674,4268,1,0,0,0,0,0,0,0
675,10701,1,2,1,0,1,1,1,0
676,3507,1,1,1,2,1,2,1,1
677,4426,1,2,1,0,0,0,0,1
678,2591,1,0,1,1,1,1,1,0
679,10509,1,0,0,0,0,0,0,0
680,6673,1,0,0,0,0,0,0,0
681,2345,1,1,1,1,1,1,1,2
682,10897,1,2,2,1,1,0,1,0
683,6103,1,0,0,0,0,0,0,0
684,2406,1,1,1,0,0,0,0,0
685,5517,1,0,0,0,0,0,0,0
686,6958,1,0,0,0,0,0,0,0
687,4643,1,0,0,0,0,0,0,1
688,5396,1,2,2,0,1,0,1,1
689,2802,1,1,0,0,2,1,0,1
690,7901,1,0,0,0,0,0,0,0
691,2686,1,0,0,0,0,0,0,0
692,7734,1,1,1,2,0,2,1,2
693,7428,1,1,0,2,1,2,2,1
694,1103,1,1,2,1,1,1,0,2
695,1055,1,0,0,0,0,0,0,0
696,6544,1,2,1,0,1,1,0,0
697,5802,1,0,0,0,0,0,0,0
698,9729,1,2,0,0,1,1,1,1
699,3969,1,0,0,0,0,0,0,1
700,8659,1,2,2,1,0,0,0,0
701,6147,1,0,0,0,0,0,0,0
702,2493,1,1,1,0,0,0,0,1
703,6292,1,1,2,0,1,1,1,0
704,10104,1,0,0,0,0,0,0,0
705,3919,1,1,2,0,2,1,1,0
706,4369,1,1,0,1,1,2,0,2
707,4973,1,0,0,0,0,0,0,0
708,9216,1,0,0,0,0,0,0,0
709,5136,1,2,1,0,0,0,0,0
710,1100,1,0,0,0,0,0,0,0
711,8726,1,1,0,0,0,0,0,0
712,5186,1,2,1,0,0,0,0,0
713,7313,1,1,1,1,2,2,2,1
714,4548,1,0,0,0,0,0,0,0
715,4084,1,2,0,2,0,2,1,1
716,1544,1,1,2,1,2,2,1,1
717,1321,1,0,0,0,0,0,0,0
718,5721,1,1,1,1,2,1,1,0
719,10652,1,1,0,1,1,2,0,2
720,1646,1,0,0,0,0,0,0,0
721,4418,1,2,1,1,2,2,2,0
722,2656,1,0,0,0,0,0,0,0
723,8722,1,2,1,1,2,2,2,1
724,7118,1,2,2,1,1,1,0,2
725,2980,1,1,0,0,0,0,0,0
726,10722,1,1,1,0,0,0,0,1
727,9014,1,1,0,0,0,0,0,0
728,3850,1,0,0,0,0,0,0,0
729,10469,1,1,1,1,2,1,0,1
730,3661,1,1,1,1,2,1,1,0
731,9589,1,1,1,2,1,2,2,1
732,4838,1,0,0,0,0,0,0,0
733,1448,1,0,0,0,0,0,0,0
734,4749,1,2,1,0,0,0,0,1
735,4201,1,1,0,0,0,0,0,1
736,8080,1,0,0,0,0,0,0,0
737,10870,1,1,1,1,0,0,2,2
738,4001,1,2,1,0,0,0,0,0
739,9405,1,1,0,0,0,0,0,0
740,4141,0,1,1,1,0,1,0,0
741,6182,0,0,0,0,0,0,0,0
742,7446,0,2,1,1,0,0,1,0
743,6177,0,1,0,0,0,0,0,0
744,4855,0,0,0,0,0,0,0,0
745,2114,0,2,2,0,0,1,1,0
746,4939,0,1,0,0,0,2,0,0
747,4047,0,1,1,0,0,0,0,0
748,2404,0,1,0,0,0,0,0,0
749,9422,0,0,0,0,0,0,0,0
750,5710,0,0,0,0,0,0,0,0
751,7373,0,1,0,0,0,0,0,0
752,8755,0,1,1,1,1,1,1,0
753,8601,0,1,1,1,2,1,2,1
754,8430,0,0,0,0,0,0,0,0
755,2139,0,0,0,0,0,0,0,0
756,9909,0,1,0,0,0,0,0,1
757,8614,0,1,0,0,0,0,1,0
758,4114,0,2,1,1,2,0,2,0
759,10383,0,1,1,1,1,1,2,0
760,7437,0,0,0,0,0,0,0,0
761,6853,0,1,1,0,2,1,0,1
762,3076,0,1,1,0,0,0,0,0
763,1012,0,2,1,0,0,0,0,2
764,6518,0,1,1,0,0,0,0,0
765,4137,0,1,1,1,1,1,2,0
766,1386,0,0,0,0,0,0,0,0
767,9369,0,2,1,0,1,2,0,0
768,4477,0,1,0,1,0,0,1,1
769,1402,0,1,1,1,1,2,1,0
770,6312,0,2,0,2,1,1,1,1
771,10401,0,0,0,0,0,0,0,0
772,1618,0,2,1,0,0,0,0,1
773,2261,0,0,0,0,0,0,0,0
774,535,0,2,0,0,1,0,1,1
775,4452,0,1,1,0,0,0,0,0
776,7516,0,0,0,0,0,0,0,0
777,3037,0,1,0,1,0,1,1,0
778,1473,0,0,0,0,0,0,0,0
779,7533,0,1,0,0,0,0,0,0
780,3629,0,0,0,0,0,0,0,0
781,10991,0,0,1,2,0,0,0,0
782,3267,0,1,1,0,0,0,0,1
783,9215,0,2,1,0,0,0,0,1
784,2286,0,0,0,0,0,0,0,0
785,1592,0,0,1,2,2,2,1,0
786,6205,0,0,0,0,0,0,0,0
787,8026,0,1,0,1,0,1,1,1
788,9597,0,1,0,2,0,0,1,2
789,1685,0,1,2,0,2,0,1,0
790,5342,0,0,0,0,0,0,0,0
791,11084,0,1,2,0,1,0,0,1
792,9701,0,1,0,1,0,1,0,1
793,7798,0,1,0,0,0,0,0,1
794,92,0,0,0,0,0,0,0,0
795,10240,0,1,2,0,1,0,0,0
796,3025,0,1,0,0,0,0,0,0
797,9970,0,0,0,0,0,0,0,0
798,2795,0,0,0,0,0,0,0,0
799,9260,0,2,2,0,1,0,0,0
800,10095,0,1,2,0,1,0,0,0
801,10573,0,1,0,0,0,2,0,0
802,1349,0,0,0,0,0,0,0,0
803,1880,0,0,0,0,0,0,0,0
804,10562,0,1,1,0,1,0,0,2
805,10796,0,0,0,0,0,0,0,0
806,6982,0,1,2,0,2,2,1,0
807,6431,0,0,0,0,0,0,0,0
808,7224,0,0,0,0,0,0,0,0
809,6422,0,1,1,2,1,1,0,2
810,624,0,0,0,0,0,0,0,0
811,380,0,2,2,1,1,0,0,2
812,2677,0,1,0,0,0,1,0,0
813,6521,0,1,1,0,1,0,2,0
814,2877,0,2,1,0,0,0,0,0
815,7264,0,0,0,0,0,0,0,0
816,1377,0,1,0,0,0,0,0,1
817,4785,0,1,1,0,0,0,0,0
818,709,0,1,2,0,1,0,0,1
819,6798,0,2,0,0,0,0,0,0
820,5341,0,1,2,1,0,2,2,0
821,9449,0,1,1,0,0,0,1,0
822,9529,0,1,1,2,1,2,0,2
823,7411,0,0,0,0,0,0,0,0
824,10089,0,2,0,2,1,0,2,2
825,3153,0,0,0,0,0,0,0,0
826,9396,0,0,0,0,0,0,0,0
827,2387,0,1,0,0,0,0,0,0
828,6690,0,1,0,0,0,0,0,0
829,291,0,0,0,1,1,2,2,1
830,4557,0,0,0,0,0,0,0,0
831,2379,0,1,2,1,1,1,1,2
832,5726,0,0,0,0,0,0,0,0
833,3066,0,0,0,0,0,0,0,0
834,7828,0,0,0,2,1,2,0,0
835,3762,0,1,0,0,1,0,2,1
836,8652,0,1,0,0,0,2,0,0
837,8962,0,0,0,0,0,0,0,0
838,10983,0,1,1,2,1,2,1,1
839,10102,0,1,1,2,2,2,2,0
840,9262,0,0,0,0,0,0,0,0
841,4543,0,1,2,2,2,2,0,2
842,10451,0,0,0,0,0,0,0,0
843,2874,0,0,0,0,0,0,0,0
844,1379,0,0,0,0,0,0,0,0
845,2826,0,0,0,0,0,0,0,0
846,3050,0,1,0,0,0,0,0,0
847,9478,0,1,0,1,0,1,0,1
848,1802,0,1,1,0,0,0,0,1
849,8275,0,0,0,0,0,0,0,0
850,3896,0,0,0,0,0,0,0,0
851,7786,0,1,0,0,0,0,0,0
852,2521,0,0,0,0,0,0,0,0
853,7381,0,1,2,2,1,1,1,0
854,4099,0,0,0,0,0,0,0,0
855,9560,0,1,2,1,2,0,0,1
856,11191,0,0,0,1,0,0,0,0
857,8234,0,0,0,0,0,0,0,0
858,1826,0,0,0,2,1,1,2,2
859,11056,0,1,1,1,1,1,0,0
860,6184,0,0,1,1,2,1,2,0
861,933,0,0,0,0,0,0,0,0
862,5955,0,1,2,1,2,2,2,2
863,1519,0,0,0,0,0,0,0,0
864,1726,0,0,0,0,0,0,0,0
865,4459,0,0,0,0,0,0,0,0
866,1729,0,1,2,0,0,0,0,2
867,6878,0,1,0,0,0,1,1,1
868,948,0,0,0,0,0,0,0,0
869,6720,0,1,1,0,0,0,0,1
870,8318,0,1,1,2,2,0,2,1
871,5642,0,0,0,0,0,0,0,0
872,7414,0,1,0,0,0,0,0,0
873,9999,0,2,1,2,0,2,1,0
874,615,0,1,0,1,0,0,0,1
875,2552,0,2,1,0,0,0,0,0
876,3645,0,0,0,0,0,0,0,0
877,8890,0,1,0,0,0,0,0,0
878,5049,0,0,0,0,0,0,0,0
879,9973,0,1,1,0,0,0,0,0
880,7030,0,2,2,0,1,0,0,0
881,6504,0,0,0,0,0,0,0,0
882,5067,0,1,2,0,1,1,0,0
883,8581,0,2,1,0,0,0,0,0
884,5929,0,0,0,0,0,0,0,0
885,3129,0,0,0,0,0,0,0,0
886,1361,0,0,2,1,0,0,1,1
887,7284,0,0,0,0,0,0,0,0
888,8746,0,1,2,0,1,0,1,1
889,3767,0,2,1,0,0,1,2,2
890,3725,0,1,2,0,1,0,0,0
891,6694,0,2,1,1,1,0,1,1
892,498,0,0,0,0,0,0,0,0
893,9699,0,2,1,1,1,0,0,0
894,10664,0,1,1,0,0,0,0,0
895,5029,0,0,0,0,0,0,0,0
896,10642,0,0,0,0,0,0,0,0
897,2541,0,0,0,0,0,0,0,0
898,2807,0,2,1,1,0,1,1,0
899,6471,0,0,0,0,0,0,0,0
900,6233,0,2,1,0,1,0,1,0
901,1992,0,1,1,0,1,0,0,1
902,8594,0,0,0,0,0,0,0,0
903,7999,0,1,2,0,1,0,1,0
904,9213,0,0,0,0,0,0,0,0
905,1581,0,0,0,0,0,0,0,0
906,5512,0,1,1,0,0,0,0,0
907,8346,0,1,0,0,0,0,0,1
908,1676,0,1,0,0,0,0,0,0
909,5172,0,1,2,0,1,0,0,1
910,3436,0,0,0,0,0,0,0,0
911,3403,0,2,2,0,2,1,1,2
912,8737,0,0,0,0,0,0,0,0
913,466,0,1,1,0,1,1,0,0
914,10623,0,0,0,0,0,0,0,0
915,8151,0,0,0,1,0,0,1,1
916,4945,0,2,2,0,1,0,0,1
917,4320,0,1,1,1,1,1,1,1
918,11025,0,1,0,0,0,0,0,0
919,4607,0,1,0,0,1,0,0,1
920,3711,0,1,2,2,2,0,1,0
921,4322,0,1,2,1,1,0,0,0
922,4702,0,1,2,2,1,2,0,1
923,1991,0,0,0,0,0,0,0,0
924,6931,0,1,1,2,1,1,1,0
925,5547,0,1,2,0,1,0,0,0
926,5371,0,0,0,0,0,0,0,0
927,9504,0,1,0,0,1,1,2,0
928,8314,0,1,1,2,2,0,2,1
929,8420,0,0,0,0,0,0,0,0
930,7685,0,0,0,0,0,0,0,0
931,9780,0,2,1,0,0,2,0,0
932,10681,0,2,0,2,1,2,2,1
933,10232,0,1,0,0,0,0,0,0
934,3525,0,0,0,0,0,0,0,0
935,6818,0,1,0,0,0,1,0,1
936,1029,0,0,0,0,0,0,0,0
937,2574,0,1,2,0,0,0,0,0
938,8159,0,1,0,0,0,0,0,0
939,8036,0,0,0,0,0,0,0,0
940,254,0,1,1,0,0,0,0,0
941,7627,0,1,2,2,2,1,2,0
942,6424,0,0,0,0,0,0,0,0
943,4992,0,0,0,0,0,0,0,0
944,7444,0,0,0,0,0,0,0,0
945,10277,0,0,0,0,0,0,0,0
946,7141,0,1,0,0,0,0,0,1
947,2457,0,0,0,0,0,0,0,0
948,6222,0,0,0,0,0,0,0,0
949,1503,0,0,0,0,0,0,0,0
950,8650,0,0,0,0,0,0,0,0
951,10862,0,1,0,0,0,0,0,0
952,2782,0,1,1,0,0,0,0,0
953,4299,0,2,2,0,2,1,2,0
954,5156,0,2,0,2,1,2,2,1
955,4376,0,0,0,0,0,0,0,0
956,8923,0,1,1,0,2,0,2,1
957,8461,0,0,0,0,0,0,0,0
958,944,0,1,0,2,0,0,1,0
959,2942,0,1,1,0,0,0,0,2
960,3376,0,0,0,0,0,0,0,0
961,10928,0,1,1,0,0,0,0,2
962,4248,0,1,2,0,2,1,2,0
963,3277,0,1,0,0,0,0,0,0
964,1777,0,0,0,0,0,0,0,0
965,8754,0,0,0,0,0,0,0,0
966,6961,0,0,0,0,0,0,0,0
967,4673,0,1,2,0,0,0,0,0
968,8779,0,1,0,0,0,0,0,0
969,9596,0,1,1,1,0,0,2,0
970,75,0,1,0,0,0,2,1,0
971,1501,0,2,0,0,2,0,0,0
972,7279,0,0,0,1,2,1,0,1
973,9316,0,0,0,0,0,0,0,0
974,6379,0,0,0,0,0,0,0,0
975,1277,0,2,1,0,1,1,0,0
976,10196,0,1,0,2,0,0,1,0
977,6384,0,2,2,0,1,0,0,2
978,8029,0,0,2,1,1,0,0,0
979,968,0,1,0,0,0,0,0,0
980,4301,0,0,0,0,0,0,0,0
981,1940,0,0,0,0,0,0,0,0
982,1388,0,0,0,0,0,0,0,0
983,3619,0,1,1,0,1,1,2,1
984,1463,0,0,0,0,0,0,0,0
985,5114,0,1,1,0,1,0,0,0
986,4692,0,1,0,0,0,0,0,0
987,11101,0,2,1,0,0,1,0,2
988,5329,0,0,0,0,0,0,0,0
989,10430,0,1,2,0,1,0,0,0
990,6255,0,0,0,1,0,1,0,0
991,5564,0,1,1,2,1,1,0,1
992,5682,0,2,2,0,0,0,0,0
993,7458,0,0,0,0,0,0,0,0
994,10548,0,1,1,0,1,2,2,0
995,4073,0,2,2,1,1,0,1,1
996,3667,0,2,2,2,2,0,0,0
997,3870,0,2,1,1,1,1,2,1
998,5909,0,2,2,0,0,0,0,2
999,10470,0,0,0,0,0,0,0,0
1000,10270,0,0,0,0,0,0,0,0
1001,6406,0,1,1,2,1,2,1,0
1002,7573,0,0,0,0,0,0,0,0
1003,5331,0,1,1,1,2,2,0,1
1004,1911,0,2,1,2,1,1,2,1
1005,10582,0,1,0,1,1,1,0,1
1006,8897,0,2,1,0,0,0,0,1
1007,2371,0,0,0,0,0,0,0,0
1008,10736,0,1,1,0,1,2,2,2
1009,4290,0,0,0,0,0,0,0,0
1010,4211,0,0,0,0,0,0,0,0
1011,6299,0,2,1,1,0,0,0,2
1012,10846,0,2,1,0,0,0,0,2
1013,347,0,1,0,0,0,0,0,0
1014,796,0,2,1,1,1,1,0,2
1015,9930,0,2,1,2,1,0,2,0
1016,7352,0,1,0,0,0,0,0,0
1017,2964,0,0,0,0,0,0,0,0
1018,5585,0,0,0,0,0,0,0,0
1019,9687,0,1,0,2,1,1,0,0
1020,11176,0,1,1,0,0,0,0,0
1021,9493,0,1,2,1,2,0,1,0
1022,1,0,1,1,0,0,0,0,0
1023,6646,0,0,0,0,0,0,0,0
1024,11003,0,0,0,0,0,0,0,0
1025,5121,0,1,1,0,0,0,0,2
1026,4186,0,0,0,0,0,0,0,0
1027,3312,0,0,0,0,0,0,0,0
1028,5332,0,1,1,1,1,2,1,1
1029,10343,0,1,1,1,1,0,1,2
1030,7848,0,1,0,0,0,0,0,1
1031,9477,0,1,1,0,0,0,0,0
1032,5794,0,1,1,0,0,0,0,0
1033,1456,0,2,0,2,1,2,0,2
1034,4877,0,0,0,0,0,0,0,0
1035,1031,0,2,1,0,1,0,0,0
1036,2036,0,1,0,0,0,0,0,0
1037,115,0,1,1,0,0,0,0,0
1038,10140,0,1,2,0,1,0,0,0
1039,10602,0,0,0,0,0,0,0,0
1040,1446,0,2,1,1,2,1,1,1
1041,8443,0,0,0,0,0,0,0,0
1042,9653,0,0,0,0,0,0,0,0
1043,2930,0,1,2,1,1,1,1,0
1044,5519,0,1,1,1,0,1,1,2
1045,2727,0,0,0,0,0,0,0,1
1046,6404,0,1,0,0,0,0,0,0
1047,10150,0,1,1,0,2,0,0,0
1048,9485,0,0,0,0,0,0,0,0
1049,9760,0,2,2,0,0,0,0,2
1050,1048,0,0,0,0,0,0,0,0
1051,10619,0,1,2,0,2,2,0,0
1052,8362,0,1,2,0,1,0,0,0
1053,2625,0,0,0,0,0,0,0,0
1054,9972,0,0,0,0,0,0,0,0
1055,10673,0,1,2,1,1,0,0,1
1056,7922,0,2,2,0,0,0,0,1
1057,760,0,2,1,0,0,1,0,0
1058,2882,0,1,1,0,0,1,0,0
1059,5320,0,1,0,0,0,0,0,0
1060,1523,0,0,0,0,0,0,0,0
1061,3547,0,0,0,0,0,0,0,0
1062,10981,0,1,1,2,1,1,2,0
1063,10995,0,1,0,0,0,0,0,0
1064,6357,0,1,0,1,0,1,1,0
1065,10286,0,1,1,0,1,2,1,0
1066,3955,0,0,0,0,0,0,0,0
1067,5718,0,1,1,2,0,2,1,2
1068,8164,0,1,2,1,2,1,1,0
1069,453,0,0,0,0,0,0,0,0
1070,8545,0,1,2,0,1,1,1,1
1071,9850,0,0,0,0,0,0,0,0
1072,8492,0,2,2,0,2,1,1,0
1073,1212,0,2,1,0,1,2,1,1
1074,7962,0,0,2,0,1,1,0,0
1075,9984,0,2,1,0,0,0,0,2
1076,5527,0,0,0,0,0,0,0,0
1077,5236,0,1,2,0,1,2,2,2
1078,1970,0,0,0,0,0,0,0,0
1079,5313,0,0,0,0,0,0,0,0
1080,3158,0,0,0,0,0,0,0,0
1081,4436,0,0,0,1,0,0,0,0
1082,8911,0,1,0,1,0,1,1,1
1083,10175,0,0,0,0,0,0,0,0
1084,5204,0,1,1,2,2,1,2,0
1085,9888,0,1,1,1,1,1,1,0
1086,67,0,0,0,0,0,0,0,0
1087,6019,0,0,0,0,0,0,0,0
1088,6287,0,0,0,0,0,0,0,0
1089,5985,0,0,0,0,0,0,0,0
1090,4002,0,2,1,2,1,2,1,0
1091,9725,0,0,0,0,0,0,0,0
1092,5740,0,0,0,0,0,0,0,0
1093,8104,0,1,0,0,0,0,0,0
1094,4491,0,2,2,0,0,0,0,0
1095,1162,0,1,0,1,1,1,1,0
1096,10766,0,1,1,0,0,0,0,0
1097,4415,0,0,0,0,0,0,0,0
1098,3005,0,1,1,2,2,2,1,2
1099,11112,0,2,2,2,1,1,1,2
1100,10832,0,1,1,0,0,0,0,1
1101,6421,0,1,2,2,2,1,2,1
1102,4207,0,2,2,1,0,1,1,0
1103,577,0,0,0,0,0,0,0,0
1104,10855,0,1,0,0,0,0,0,0
1105,247,0,2,0,0,0,0,0,0
1106,8707,0,1,1,1,2,1,1,1
1107,6072,0,1,2,1,2,1,1,2
1108,10914,0,0,0,0,0,0,0,0
1109,7348,0,1,1,2,1,2,0,0
1110,4944,0,1,0,0,1,0,0,1
1111,9080,0,0,0,0,0,0,0,0
1112,6466,0,0,0,0,0,0,0,0
1113,10552,0,1,0,1,0,1,0,0
1114,4444,0,0,0,0,0,0,0,0
1115,6271,0,0,0,0,0,0,0,0
1116,10065,0,0,0,0,0,0,0,0
1117,4741,0,1,1,1,0,0,0,0
1118,1524,0,1,1,1,0,0,2,0
1119,7451,0,1,2,0,2,1,2,0
1120,3885,0,0,0,0,0,0,0,0
1121,1175,0,1,0,1,0,1,0,2
1122,850,0,1,1,0,1,1,0,0
1123,4713,0,0,0,0,0,0,0,0
1124,5025,0,0,0,0,0,0,0,0
1125,5961,0,0,0,0,0,0,0,0
1126,749,0,0,0,0,0,0,0,0
1127,5430,0,2,1,0,0,0,0,0
1128,5031,0,2,2,1,2,0,2,1
1129,2613,0,0,0,0,0,0,0,0
1130,967,0,2,1,0,0,0,0,0
1131,7959,0,0,1,1,1,1,0,0
1132,8432,0,2,1,0,0,0,0,0
1133,6116,0,0,0,0,0,0,0,0
1134,8278,0,1,2,1,2,1,1,0
1135,5907,0,0,0,0,0,0,0,0
1136,10669,0,1,1,0,0,1,0,0
1137,5735,0,1,2,2,2,1,2,1
1138,9392,0,0,0,0,0,0,0,0
1139,9855,0,2,2,0,0,0,0,0
1140,4088,0,1,0,0,0,0,0,0
1141,5231,0,0,0,0,0,0,0,0
1142,6606,0,2,2,1,0,0,0,0
1143,7342,0,2,1,2,0,2,2,1
1144,837,0,0,0,0,0,0,0,0
1145,3068,0,0,0,0,0,0,0,0
1146,2324,0,2,1,1,1,1,1,1
1147,1506,0,0,0,0,0,0,0,0
1148,232,0,1,1,1,0,0,0,0
1149,10395,0,1,0,1,0,0,0,0
1150,938,0,0,0,0,0,0,0,0
1151,1307,0,0,0,0,0,0,0,0
1152,11086,0,0,0,0,0,0,0,0
1153,5493,0,0,0,0,0,0,0,0
1154,1857,0,0,0,0,0,0,0,0
1155,5429,0,0,0,0,0,0,0,0
1156,1740,0,1,2,1,0,1,0,0
1157,7488,0,2,1,0,0,2,1,0
1158,195,0,1,0,0,0,0,0,0
1159,2296,0,0,0,0,0,0,0,0
1160,3698,0,1,2,2,2,2,1,2
1161,7384,0,1,0,1,1,0,0,0
1162,4808,0,0,0,0,0,0,0,0
1163,7628,0,0,0,0,0,0,0,0
1164,2811,0,0,0,0,0,0,0,0
1165,3551,0,0,0,0,0,0,0,0
1166,1577,0,0,1,1,2,2,2,1
1167,10641,0,0,0,0,0,0,0,0
1168,5758,0,2,2,0,0,0,0,0
1169,7143,0,2,0,2,1,0,2,0
1170,1650,0,2,2,1,2,0,1,2
1171,10971,0,1,0,0,0,0,0,2
1172,6398,0,0,0,0,0,0,0,0
1173,9212,0,2,2,0,1,0,0,2
1174,4246,0,1,0,0,0,0,0,2
1175,158,0,1,1,1,1,1,1,1
1176,5621,0,1,0,1,0,1,0,0
1177,1945,0,1,1,1,1,2,1,2
1178,2535,0,2,0,0,1,0,2,1
1179,9495,0,1,1,2,1,2,1,0
1180,9635,0,0,0,0,0,0,0,0
1181,2173,0,0,0,0,0,0,0,0
1182,5510,0,1,0,0,0,0,0,1
1183,873,0,2,2,0,0,0,0,0
1184,2253,0,0,0,0,0,0,0,0
1185,979,0,0,0,0,0,0,0,0
1186,10390,0,0,0,0,0,0,0,0
1187,4698,0,1,0,1,0,1,1,0
1188,7793,0,2,1,0,0,0,0,0
1189,5080,0,1,1,0,1,2,1,2
1190,8369,0,0,0,0,0,0,0,0
1191,5232,0,0,0,0,0,0,0,0
1192,2407,0,1,2,0,1,1,0,1
1193,1384,0,0,0,0,0,0,0,0
1194,9967,0,2,0,0,1,0,0,1
1195,10507,0,1,1,0,0,0,0,0
1196,4096,0,1,0,0,0,0,0,0
1197,10476,0,0,0,0,0,0,0,0
1198,8805,0,1,1,0,0,0,0,0
1199,1542,0,1,1,0,0,0,0,0
1200,6770,0,0,0,0,0,0,0,0
1201,8773,0,1,1,0,0,0,0,0
1202,793,0,0,0,0,0,0,0,0
1203,10909,0,1,2,0,2,1,0,1
1204,8702,0,0,0,0,0,0,0,0
1205,8216,0,1,0,0,0,0,0,1
1206,10146,0,0,0,0,0,0,0,0
1207,5289,0,0,0,0,0,0,0,0
1208,2587,0,0,0,0,0,0,0,0
1209,4405,0,2,1,0,0,0,0,0
1210,10490,0,1,0,1,0,1,0,1
1211,2534,0,0,0,0,0,0,0,0
1212,618,0,1,1,0,1,1,1,0
1213,4310,0,1,1,1,1,2,1,0
1214,4098,0,0,0,0,0,0,0,0
1215,5824,0,0,0,0,0,0,0,0
1216,7000,0,1,1,2,0,0,0,2
1217,2428,0,0,0,0,0,0,0,0
1218,3388,0,1,0,0,0,0,1,0
1219,2518,0,0,0,0,0,0,0,0
1220,3220,0,0,0,0,0,0,0,0
1221,1183,0,0,0,0,0,0,0,0
1222,6652,0,1,0,2,2,1,1,0
1223,4399,0,1,1,1,1,1,1,0
1224,10133,0,2,2,1,2,1,2,0
1225,8233,0,1,1,0,0,0,0,0
1226,9483,0,2,1,1,0,1,0,0
1227,2945,0,0,0,0,0,0,0,0
1228,5074,0,0,0,0,0,0,0,0
1229,10524,0,1,1,0,0,1,1,2
1230,7196,0,0,0,0,0,0,0,0
1231,4406,0,2,2,1,1,1,1,0
1232,25,0,1,1,1,1,0,0,2
1233,3697,0,0,0,0,0,0,0,0
1234,4220,0,0,0,0,0,0,0,0
1235,2849,0,2,0,2,1,2,0,2
1236,3102,0,0,0,0,0,0,0,0
1237,3478,0,2,0,1,1,1,1,0
1238,7494,0,1,0,0,0,0,0,0
1239,9463,0,2,2,1,1,1,1,0
1240,3967,0,1,1,2,0,1,2,0
1241,10128,0,2,1,0,0,0,0,1
1242,486,0,1,1,2,1,1,2,0
1243,9264,0,1,1,1,2,1,2,2
1244,3865,0,0,0,0,0,0,0,0
1245,6310,0,0,0,0,0,0,0,0
1246,3887,0,0,0,0,0,0,0,0
1247,8643,0,1,0,2,2,2,1,2
1248,10795,0,0,0,0,0,0,0,0
1249,2408,0,2,1,0,0,0,0,0
1250,830,0,1,2,1,2,0,2,0
1251,10530,0,0,1,1,1,1,0,1
1252,8920,0,2,1,1,1,1,0,1
1253,6678,0,0,0,0,0,0,0,0
1254,6365,0,0,0,0,0,0,0,0
1255,2793,0,2,1,1,0,1,1,2
1256,5424,0,0,0,0,0,0,0,0
1257,9530,0,0,0,0,0,0,0,0
1258,4828,0,1,0,2,1,2,2,0
1259,10699,0,0,0,0,0,0,0,0
1260,1497,0,1,0,0,0,0,0,0
1261,4390,0,1,1,0,0,2,0,0
1262,1081,0,2,2,0,0,0,0,1
1263,4261,0,2,2,0,0,1,1,0
1264,5350,0,1,2,2,2,1,2,1
1265,4967,0,1,0,0,0,0,0,0
1266,2130,0,0,0,0,0,0,0,0
1267,3790,0,0,0,0,0,0,0,0
1268,4608,0,2,0,0,1,0,1,1
1269,5892,0,1,0,0,0,0,0,0
1270,4971,0,1,0,0,0,0,0,0
1271,1041,0,2,1,0,0,0,0,0
1272,7022,0,2,2,2,1,2,1,0
1273,5453,0,1,2,2,2,2,2,1
1274,4656,0,2,1,1,1,0,0,0
1275,9971,0,1,1,0,0,0,0,0
1276,9242,0,1,2,2,2,0,0,1
1277,6215,0,0,0,0,0,0,0,0
1278,10099,0,2,0,2,1,2,1,1
1279,940,0,0,0,0,0,0,0,0
1280,3011,0,0,0,0,0,0,0,0
1281,9668,0,0,0,0,0,0,0,0
1282,7408,0,1,0,0,0,0,0,0
1283,252,0,1,0,2,0,1,1,1
1284,9986,0,0,0,0,0,0,0,0
1285,3427,0,2,1,0,0,0,0,0
1286,5209,0,1,1,0,0,0,0,1
1287,10711,0,1,0,1,1,1,0,1
1288,10785,0,0,0,0,0,0,0,0
1289,2814,0,0,0,0,0,0,0,0
1290,3091,0,1,1,0,0,2,0,1
1291,10141,0,0,0,0,0,0,0,0
1292,6409,0,1,0,2,2,0,0,1
1293,10352,0,1,0,0,0,0,0,0
1294,4931,0,2,0,0,2,0,0,0
1295,2285,0,1,0,0,0,0,0,0
1296,1378,0,2,1,0,0,1,0,2
1297,3690,0,2,2,2,2,1,1,0
1298,4712,0,0,0,0,0,0,0,0
1299,6347,0,0,0,0,0,0,0,0
1300,4065,0,1,1,0,0,0,0,0
1301,8230,0,0,0,0,0,0,0,0
1302,1891,0,1,1,1,2,0,1,1
1303,9256,0,2,1,0,1,1,1,1
1304,10356,0,0,0,0,0,0,0,0
1305,7349,0,1,0,0,0,0,0,0
1306,8799,0,1,0,0,0,0,0,0
1307,1351,0,2,2,0,1,0,0,0
1308,477,0,1,2,1,2,1,0,1
1309,7832,0,2,2,1,1,0,1,1
1310,3498,0,2,1,1,0,0,1,1
1311,569,0,1,1,2,2,1,1,1
1312,4686,0,1,2,0,2,1,1,1
1313,1381,0,1,0,0,0,0,0,0
1314,2634,0,0,0,0,0,0,0,0
1315,10905,0,1,0,0,0,0,0,0
1316,1064,0,0,0,0,0,0,0,0
1317,7610,0,2,1,0,0,0,0,1
1318,263,0,0,0,0,0,0,0,0
1319,10814,0,2,1,0,2,1,0,2
1320,7881,0,1,1,0,1,0,0,2
1321,7807,0,1,0,0,0,1,0,1
1322,3878,0,0,0,0,0,0,0,0
1323,3524,0,1,0,0,0,0,0,0
1324,10560,0,0,0,0,0,0,0,0
1325,2631,0,1,1,2,1,2,1,0
1326,5534,0,0,0,0,0,0,0,1
1327,5093,0,1,0,0,0,0,0,0
1328,8910,0,1,0,0,0,0,0,0
1329,10477,0,0,0,0,0,0,0,0
1330,2681,0,1,0,0,0,2,1,0
1331,7261,0,1,0,1,0,0,0,0
1332,9648,0,1,0,0,0,0,0,0
1333,2870,0,1,1,0,0,0,0,1
1334,1419,0,0,0,0,0,0,0,0
1335,9150,0,0,0,0,0,0,0,0
1336,7002,0,0,0,1,0,0,1,1
1337,762,0,1,1,0,0,2,0,1
1338,4168,0,2,0,0,0,0,0,0
1339,9284,0,2,1,0,0,0,0,1
1340,1619,0,1,1,1,2,2,0,0
1341,10177,0,1,1,1,1,2,2,2
1342,5782,0,2,1,1,0,1,1,0
1343,8566,0,0,0,0,0,0,0,0
1344,5684,0,0,0,0,0,0,0,0
1345,5302,0,1,1,0,2,2,0,2
1346,1087,0,1,0,0,0,0,0,0
1347,6859,0,1,0,0,0,0,0,0
1348,9860,0,1,0,0,0,0,0,0
1349,10521,0,0,0,0,0,0,0,0
1350,7393,0,0,0,0,0,0,0,0
1351,7849,0,1,0,0,1,2,2,1
1352,7872,0,2,0,0,1,0,0,1
1353,9931,0,2,0,0,0,0,0,0
1354,10595,0,0,0,0,0,0,0,0
1355,4609,0,1,1,0,0,0,0,0
1356,9595,0,0,1,2,2,0,0,0
1357,10163,0,1,1,1,1,1,1,0
1358,1459,0,0,1,1,0,1,0,0
1359,10241,0,0,0,0,0,0,0,0
1360,9064,0,1,2,0,1,1,0,1
1361,3678,0,2,1,0,0,0,0,1
1362,8486,0,2,1,0,0,0,0,0
1363,2186,0,1,2,2,2,2,1,2
1364,6715,0,2,1,0,0,0,0,0
1365,9612,0,0,0,0,0,0,0,0
1366,3766,0,2,0,1,1,1,1,2
1367,1570,0,2,1,0,1,1,0,1
1368,8341,0,0,0,0,0,0,0,0
1369,7505,0,0,0,0,0,0,0,0
1370,6892,0,2,1,0,0,0,0,0
1371,3578,0,1,0,0,0,0,0,0
1372,4619,0,2,0,0,0,0,2,0
1373,10789,0,0,0,0,0,0,0,0
1374,10779,0,0,0,0,0,0,0,0
1375,10951,0,1,1,0,0,0,0,0
1376,5832,0,1,1,2,1,2,0,0
1377,5544,0,2,2,1,0,2,1,1
1378,7101,0,2,2,0,0,0,0,2
1379,2326,0,0,0,0,0,0,0,0
1380,2929,0,0,0,1,0,0,0,0
1381,2546,0,0,0,0,0,0,0,0
1382,3112,0,0,0,0,0,0,0,0
1383,1518,0,2,1,0,0,0,1,1
1384,4827,0,1,0,0,1,0,0,0
1385,9291,0,0,0,0,0,0,0,0
1386,10676,0,1,0,2,1,2,0,2
1387,2495,0,1,0,1,1,1,1,0
1388,9955,0,0,0,0,0,0,0,0
1389,2162,0,1,0,1,0,1,0,1
1390,7919,0,2,2,2,2,0,0,0
1391,5626,0,1,1,0,0,0,0,0
1392,3009,0,1,2,0,0,0,0,2
1393,6355,0,0,0,0,0,0,0,0
1394,3517,0,1,0,0,0,0,0,0
1395,1158,0,0,0,0,0,0,0,0
1396,3595,0,2,1,1,1,1,1,0
1397,6281,0,1,1,0,1,0,1,0
1398,4338,0,0,0,0,0,0,0,0
1399,2452,0,1,0,1,0,0,0,0
1400,9507,0,1,0,0,0,0,0,1
1401,10311,0,1,0,0,0,0,0,2
1402,5117,0,1,0,2,0,2,0,1
1403,4867,0,1,0,0,0,0,0,0
1404,9289,0,0,0,0,0,0,0,0
1405,8524,0,1,0,0,0,0,0,0
1406,4470,0,0,0,0,0,0,0,0
1407,8619,0,0,0,0,0,0,0,0
1408,10949,0,1,2,1,2,2,1,1
1409,6815,0,1,1,0,0,1,2,1
1410,4023,0,1,0,0,0,0,0,0
1411,6679,0,0,0,0,0,0,0,0
1412,9923,0,0,0,0,0,0,0,0
1413,3657,0,1,0,0,0,0,0,0
1414,3262,0,2,2,2,1,0,1,0
1415,7042,0,0,0,0,0,0,0,0
1416,255,0,0,0,0,0,0,0,0
1417,7861,0,1,2,1,1,1,0,0
1418,4198,0,0,0,0,0,0,0,0
1419,153,0,0,0,0,0,0,0,0
1420,9323,0,2,1,0,1,0,1,0
1421,3799,0,2,1,1,1,1,0,2
1422,3491,0,2,1,1,1,1,2,2
1423,9119,0,0,0,0,0,0,0,0
1424,5872,0,1,0,1,1,1,0,0
1425,5628,0,2,2,2,1,2,1,1
1426,8416,0,0,0,0,0,0,0,0
1427,2079,0,1,1,0,2,1,1,0
1428,626,0,0,0,0,0,0,0,0
1429,1071,0,2,1,1,0,1,1,2
1430,10061,0,2,2,0,0,0,0,2
1431,10643,0,1,0,1,1,1,1,0
1432,10281,0,1,0,1,1,0,1,1
1433,6497,0,1,1,0,0,0,0,1
1434,1052,0,2,1,1,0,1,1,0
1435,6343,0,1,2,1,1,1,1,0
1436,6507,0,0,0,0,0,0,0,0
1437,4865,0,2,0,0,0,0,0,0
1438,3107,0,0,0,0,0,0,0,0
1439,1146,0,2,1,0,1,0,1,0
1440,975,0,1,0,0,0,0,0,0
1441,1241,0,0,0,0,0,0,0,0
1442,1407,0,0,0,0,0,0,0,0
1443,6183,0,0,0,0,0,0,0,0
1444,340,0,1,0,1,0,0,0,1
1445,5991,0,1,0,0,0,0,0,0
1446,1008,0,2,2,0,0,0,0,1
1447,87,0,0,0,0,0,0,0,0
1448,8832,0,0,0,0,0,0,0,0
1449,7532,0,1,0,0,0,0,0,0
1450,1631,0,2,2,1,1,0,0,0
1451,10127,0,1,1,0,0,0,0,0
1452,271,0,1,0,0,0,0,0,0
1453,2715,0,1,0,0,0,0,0,1
1454,10432,0,0,0,0,0,0,0,0
1455,9727,0,0,0,0,0,0,0,0
1456,9790,0,1,2,1,0,1,1,1
1457,1818,0,0,0,0,0,0,0,0
1458,7873,0,1,0,0,0,0,0,0
1459,10609,0,0,0,0,0,0,0,0
1460,6950,0,0,0,0,0,0,0,0
1461,7233,0,1,1,1,2,2,1,2
1462,7699,0,1,0,0,0,0,0,0
1463,2711,0,0,0,0,0,0,0,0
1464,8933,0,0,0,0,0,0,0,0
1465,1515,0,0,0,0,0,0,0,0
1466,977,0,1,0,0,0,1,0,0
1467,7600,0,0,0,0,0,0,0,0
1468,2429,0,1,1,1,1,2,2,2
1469,9362,0,1,1,0,0,0,0,0
1470,6721,0,1,1,0,1,1,1,2
1471,2829,0,2,1,0,0,0,0,0
1472,1772,0,1,2,1,1,2,1,2
1473,492,0,2,1,0,0,0,0,0
1474,4377,0,1,0,0,0,0,0,2
1475,11187,0,0,0,0,0,0,0,0
1476,8207,0,0,0,0,0,0,0,0
1477,9723,0,2,1,2,1,1,0,1
1478,2666,0,1,1,1,0,2,0,0
1479,7990,0,0,0,0,0,0,0,0
1480,1839,0,0,0,0,0,0,0,0
1481,2632,0,1,1,0,0,0,0,2
1482,10968,0,2,0,0,1,1,0,0
1483,11133,0,2,1,0,0,0,0,0
1484,1876,0,0,0,0,0,0,0,0
1485,1092,0,2,0,2,1,2,1,0
1486,6168,0,0,0,0,0,0,0,0
1487,607,0,2,1,0,0,0,0,0
1488,6983,0,0,0,0,0,0,0,0
1489,9303,0,0,0,0,0,0,0,0
1490,7366,0,1,1,0,2,1,0,1
1491,10659,0,1,0,0,0,0,0,0
1492,4286,0,1,1,0,0,0,0,0
1493,10084,0,0,0,0,0,0,0,0
1494,8235,0,1,1,0,1,1,0,1
1495,5324,2,1,0,1,0,1,0,0
1496,5899,2,1,0,0,0,0,0,0
1497,2125,2,1,0,1,1,2,2,0
1498,6565,2,2,2,1,1,0,0,2
1499,2278,2,0,0,0,0,0,0,0
1500,1409,2,2,0,0,0,0,0,1
1501,7892,2,0,0,0,0,0,0,0
1502,1966,2,2,1,2,2,0,1,0
1503,10755,2,0,0,0,0,0,0,0
1504,8595,2,0,0,0,0,0,0,0
1505,503,2,0,0,0,0,0,0,0
1506,1371,2,0,0,2,1,2,0,2
1507,7286,2,0,0,0,0,0,0,0
1508,8082,2,0,0,0,0,0,0,0
1509,1357,2,1,2,1,1,1,0,1
1510,8132,2,2,1,0,0,0,0,0
1511,5846,2,0,0,0,0,0,0,0
1512,3332,2,1,0,0,0,0,0,0
1513,5346,2,0,0,0,0,0,0,0
1514,5268,2,0,0,0,0,0,0,0
1515,8504,2,1,1,1,2,1,2,2
1516,771,2,0,0,0,0,0,0,0
1517,11178,2,0,0,0,0,0,0,0
1518,2230,2,0,0,0,0,0,0,0
1519,7247,2,2,1,0,0,0,0,1
1520,9370,2,1,1,1,1,1,1,1
1521,8373,2,0,0,0,0,0,0,0
1522,999,2,2,1,1,0,0,0,0
1523,367,2,2,0,1,0,1,2,1
1524,5234,2,0,0,0,0,0,0,0
1525,7386,2,0,0,0,0,0,0,0
1526,7215,2,2,1,0,0,0,1,2
1527,1491,2,0,0,1,0,0,0,2
1528,11051,2,2,1,0,0,0,0,0
1529,1461,2,0,0,0,0,0,0,0
1530,8690,2,1,1,0,2,0,1,1
1531,5885,2,1,0,0,0,0,0,0
1532,7987,2,1,1,0,0,0,0,0
1533,8182,2,1,0,0,0,0,0,0
1534,8475,2,2,0,0,2,0,0,0
1535,4370,2,0,0,0,0,0,0,0
1536,3152,2,0,0,0,0,0,0,0
1537,6460,2,0,0,0,0,0,0,0
1538,641,2,0,0,0,0,0,0,0
1539,10314,2,2,2,1,0,1,1,1
1540,10854,2,0,0,0,0,0,0,0
1541,10492,2,0,0,0,0,0,0,0
1542,7698,2,0,0,0,0,0,0,0
1543,3559,2,0,0,0,0,0,0,0
1544,2563,2,0,0,0,0,0,0,0
1545,5602,2,2,1,0,1,2,2,1
1546,1324,2,0,0,0,0,0,0,0
1547,6999,2,1,1,0,0,0,0,0
1548,9938,2,1,1,0,2,0,2,1
1549,3182,2,1,0,0,0,0,0,1
1550,1030,2,0,0,0,0,0,0,0
1551,5176,2,0,0,0,0,0,0,0
1552,868,2,0,0,0,0,0,0,0
1553,6927,2,2,0,0,0,0,0,0
1554,1584,2,2,0,0,0,0,0,1
1555,6274,2,2,2,0,1,0,1,0
1556,1755,2,0,0,0,0,0,0,0
1557,7375,2,1,1,0,0,0,0,2
1558,460,2,1,2,1,2,1,1,0
1559,3233,2,2,1,0,1,0,0,0
1560,313,2,1,2,1,2,2,2,0
1561,9940,2,1,1,2,1,1,2,0
1562,10735,2,0,0,0,0,0,0,0
1563,9265,2,1,2,1,0,2,0,1
1564,8867,2,1,2,2,2,2,1,2
1565,2227,2,0,0,1,0,0,0,0
1566,10992,2,2,1,0,1,1,1,0
1567,3406,2,1,0,1,0,0,0,0
1568,2661,2,0,0,0,0,0,0,0
1569,4200,2,1,0,0,0,0,0,0
1570,9703,2,1,0,0,0,0,0,1
1571,2304,2,2,1,0,0,0,0,0
1572,10144,2,1,1,0,0,0,0,2
1573,1672,2,0,0,0,0,0,0,1
1574,9974,2,0,0,0,0,0,0,0
1575,8148,2,2,1,0,1,1,2,2
1576,7254,2,0,0,0,0,0,0,0
1577,4927,2,1,0,0,0,0,0,0
1578,10812,2,0,0,0,0,0,0,0
1579,9491,2,0,0,0,0,0,0,0
1580,6963,2,1,1,0,1,0,1,0
1581,4440,2,1,1,0,0,0,0,0
1582,10032,2,0,0,0,0,0,0,0
1583,231,2,0,0,0,0,0,0,0
1584,520,2,0,0,0,0,0,0,0
1585,2607,2,2,1,0,0,0,0,0
1586,2861,2,0,0,0,0,0,0,0
1587,10675,2,1,2,0,1,0,0,0
1588,10172,2,1,1,0,2,1,2,0
1589,6245,2,1,1,0,0,0,0,0
1590,11030,2,0,0,0,0,0,0,0
1591,2579,2,2,1,1,1,0,0,0
1592,175,2,1,1,1,1,1,2,1
1593,7274,2,1,2,2,2,2,2,1
1594,5837,2,2,0,0,0,0,0,1
1595,4432,2,0,0,0,0,0,0,0
1596,10313,2,1,0,0,0,0,0,0
1597,10703,2,1,0,0,0,0,0,0
1598,1517,2,0,0,0,0,0,0,0
1599,9543,2,0,0,0,0,0,0,0
1600,3310,2,1,0,0,0,0,0,0
1601,6202,2,2,1,1,0,0,1,2
1602,455,2,0,0,0,0,0,0,0
1603,7683,2,1,1,1,0,0,0,1
1604,798,2,0,0,0,0,0,0,0
1605,8213,2,1,0,0,0,0,1,0
1606,2488,2,0,0,0,0,0,0,0
1607,7617,2,1,0,0,0,0,0,0
1608,7301,2,0,0,0,0,0,0,0
1609,7422,2,1,0,1,0,1,1,0
1610,3523,2,1,1,1,1,0,0,1
1611,7106,2,1,1,0,2,2,0,0
1612,6528,2,0,0,0,0,0,0,0
1613,6932,2,1,2,1,2,1,0,0
1614,238,2,2,1,1,0,2,1,1
1615,5455,2,0,0,0,0,0,0,0
1616,456,2,0,0,0,0,0,0,0
1617,7495,2,0,0,0,0,0,0,0
1618,2106,2,0,0,0,0,0,0,0
1619,10364,2,0,0,0,0,0,0,0
1620,5954,2,1,0,0,0,0,0,0
1621,1137,2,1,1,2,2,1,2,0
1622,1142,2,1,0,0,0,0,1,0
1623,2276,2,2,1,0,1,0,0,0
1624,6131,2,1,0,1,0,1,0,0
1625,4148,2,2,0,0,0,0,0,0
1626,3225,2,1,0,0,0,0,0,0
1627,10648,2,1,1,2,1,2,1,0
1628,2416,2,1,2,0,1,0,1,0
1629,9697,2,1,1,1,0,0,0,0
1630,3916,2,2,1,0,0,0,0,1
1631,564,2,2,2,0,0,0,0,0
1632,6619,2,0,0,0,0,0,0,0
1633,916,2,0,0,0,0,0,0,0
1634,8970,2,1,1,0,0,0,0,1
1635,9286,2,1,1,0,0,1,1,0
1636,5562,2,2,1,0,0,0,0,1
1637,3921,2,1,0,0,0,0,0,0
1638,22,2,1,0,0,0,0,0,0
1639,10965,2,2,2,0,1,2,1,0
1640,9426,2,1,1,0,0,0,0,2
1641,6605,2,2,1,0,0,0,0,0
1642,3136,2,2,1,0,1,0,0,0
1643,11088,2,1,2,0,1,1,1,0
1644,9135,2,0,0,0,0,0,0,0
1645,10584,2,2,0,2,1,1,1,0
1646,6071,2,1,1,1,1,2,1,1
1647,3386,2,0,0,0,0,0,0,0
1648,9925,2,1,0,0,0,0,0,0
1649,5389,2,1,0,0,0,0,0,0
1650,6036,2,1,2,1,1,1,2,1
1651,10203,2,0,0,0,0,0,0,0
1652,3696,2,0,0,0,0,0,0,0
1653,2532,2,1,2,1,1,1,0,2
1654,4943,2,1,2,1,1,0,0,1
1655,2258,2,0,0,0,0,0,0,0
1656,713,2,1,0,0,0,1,0,0
1657,3281,2,1,0,0,0,0,0,1
1658,702,2,1,0,1,0,1,1,1
1659,10741,2,1,0,0,0,0,0,0
1660,304,2,0,0,0,0,0,0,0
1661,8541,2,0,0,0,0,0,0,0
1662,10955,2,0,1,1,2,1,2,0
1663,4368,2,0,0,0,0,0,0,0
1664,4279,2,0,0,0,0,0,0,0
1665,9240,2,1,1,0,0,0,0,0
1666,9460,2,0,0,0,0,0,0,0
1667,3179,2,1,0,2,2,1,2,0
1668,9120,2,2,2,0,0,1,1,0
1669,5253,2,1,0,0,0,0,0,0
1670,5314,2,2,0,0,0,0,0,1
1671,5057,2,1,0,1,0,1,1,0
1672,4179,2,0,0,0,0,0,0,0
1673,4501,2,1,1,2,2,2,2,2
1674,5252,2,0,0,0,0,0,0,0
1675,2453,2,2,1,0,0,0,0,1
1676,7972,2,1,1,1,1,1,1,1
1677,895,2,1,1,0,0,0,0,1
1678,1177,2,1,0,0,0,0,0,0
1679,7232,2,0,0,0,0,0,0,0
1680,988,2,1,1,0,2,2,0,0
1681,7930,2,1,0,0,0,0,0,0
1682,4587,2,0,0,0,0,0,0,0
1683,10299,2,2,1,1,1,1,1,0
1684,3083,2,1,0,0,0,0,0,0
1685,8953,2,0,0,0,0,0,0,0
1686,6941,2,0,0,0,0,0,0,0
1687,3641,2,0,0,0,0,0,0,0
1688,3469,2,1,0,0,0,0,0,0
1689,5063,2,1,0,0,0,0,0,0
1690,6945,2,2,1,0,2,0,1,2
1691,3856,2,2,1,1,0,0,1,2
1692,1173,2,0,2,2,2,0,1,2
1693,4725,2,0,0,0,0,0,0,0
1694,5555,2,0,0,0,0,0,0,0
1695,2564,2,0,0,0,0,0,0,0
1696,946,2,0,0,1,0,0,0,0
1697,6940,2,1,0,0,0,0,0,1
1698,55,2,2,1,0,0,0,0,0
1699,7093,2,0,0,0,0,0,0,0
1700,5084,2,2,1,1,1,1,1,2
1701,8162,2,0,0,0,0,0,0,0
1702,10826,2,0,0,0,0,0,0,0
1703,7426,2,0,0,0,0,0,0,0
1704,9153,2,2,1,1,1,1,1,0
1705,10379,2,2,1,0,0,0,0,1
1706,9937,2,1,0,1,0,0,1,1
1707,4910,2,2,2,2,1,2,2,1
1708,10120,2,0,0,0,0,0,0,0
1709,6327,2,1,1,1,1,0,0,1
1710,10142,2,1,1,0,0,1,1,1
1711,9826,2,1,2,2,2,2,2,0
1712,7230,2,2,1,0,0,0,0,0
1713,143,2,0,1,0,1,1,1,1
1714,450,2,0,0,0,0,0,0,1
1715,9239,2,0,0,0,0,0,0,0
1716,9977,2,1,1,0,1,0,0,0
1717,6988,2,1,1,1,1,1,2,1
1718,6991,2,2,1,0,0,0,0,0
1719,3336,2,1,1,0,0,0,0,2
1720,6969,2,1,0,0,0,0,0,0
1721,10159,2,2,1,1,1,0,2,2
1722,4990,2,2,1,0,0,0,0,2
1723,10936,2,1,1,2,2,2,2,2
1724,7212,2,0,0,0,0,0,0,0
1725,5956,2,1,0,0,0,0,0,0
1726,7072,2,1,1,1,1,2,2,2
1727,5237,2,0,0,0,0,0,0,0
1728,7761,2,0,0,0,0,0,0,0
1729,5278,2,1,1,0,1,2,0,0
1730,6974,2,1,1,1,2,1,1,1
1731,7938,2,1,1,0,0,0,0,0
1732,7094,2,2,1,1,1,1,1,2
1733,6488,2,0,0,0,0,0,0,0
1734,4508,2,1,0,1,1,1,0,2
1735,221,2,1,0,0,0,0,0,1
1736,20,2,0,0,0,0,0,0,1
1737,4303,2,1,0,0,0,0,0,0
1738,6825,2,0,0,0,0,0,0,0
1739,4964,2,1,1,0,1,1,0,0
1740,2461,2,0,0,0,0,0,0,0
1741,3194,2,1,1,0,2,1,2,0
1742,1135,2,1,0,0,0,0,0,0
1743,4442,2,0,0,0,0,0,0,1
1744,6722,2,2,1,0,0,1,0,0
1745,310,2,1,1,0,0,0,0,0
1746,8629,2,0,0,0,0,0,0,0
1747,3483,2,2,2,1,1,2,1,0
1748,7326,2,0,0,0,0,0,0,0
1749,2350,2,2,1,1,0,0,0,2
1750,3732,2,2,1,0,1,1,1,1
1751,6303,2,1,1,1,2,1,2,0
1752,2986,2,0,0,0,0,0,0,0
1753,7462,2,2,0,0,1,1,2,1
1754,3855,2,0,0,0,0,0,0,0
1755,9499,2,1,2,0,1,0,0,0
1756,6768,2,0,0,0,0,0,0,0
1757,2150,2,1,2,0,1,1,1,1
1758,8560,2,1,1,0,0,0,0,2
1759,10402,2,0,0,0,0,0,0,0
1760,5687,2,2,1,1,2,0,0,2
1761,11121,2,1,0,0,0,0,0,0
1762,2895,2,0,0,0,0,0,0,0
1763,10262,2,0,0,0,0,0,0,0
1764,4297,2,0,0,0,0,0,0,0
1765,9553,2,0,0,0,0,0,0,0
1766,4271,2,1,0,1,0,1,1,1
1767,4259,2,0,0,0,0,0,0,0
1768,2447,2,0,0,0,0,0,0,0
1769,4789,2,1,2,0,1,2,2,0
1770,3270,2,1,0,0,0,0,0,0
1771,8916,2,0,0,0,0,0,0,0
1772,8017,2,0,0,0,0,0,0,0
1773,5830,2,1,2,2,2,2,2,0
1774,4597,2,1,2,1,2,2,1,2
1775,7023,2,1,0,0,0,0,0,0
1776,1928,2,0,0,0,0,0,0,0
1777,10925,2,1,0,0,1,0,1,2
1778,9224,2,2,2,0,0,0,0,2
1779,5046,2,2,2,2,1,2,2,1
1780,6445,2,1,0,2,1,0,1,0
1781,11074,2,1,1,1,1,2,0,2
1782,6534,2,0,0,0,0,0,0,0
1783,7053,2,1,1,0,2,1,0,0
1784,10505,2,0,2,0,0,1,0,0
1785,4637,2,2,2,1,1,2,0,0
1786,4483,2,1,1,0,1,2,0,2
1787,4487,2,0,0,0,0,0,0,0
1788,8931,2,2,2,2,1,2,2,0
1789,5871,2,1,0,0,1,0,0,1
1790,2008,2,1,1,0,1,2,0,1
1791,538,2,0,0,0,0,0,0,0
1792,5692,2,0,0,0,0,0,0,0
1793,4843,2,1,0,1,1,1,0,2
1794,6383,2,0,0,0,0,0,0,0
1795,6810,2,0,0,2,2,1,1,1
1796,8700,2,0,0,0,0,0,0,0
1797,8405,2,0,0,0,0,0,0,0
1798,6515,2,0,0,0,0,0,0,0
1799,7574,2,0,0,0,0,0,0,0
1800,8146,2,0,0,0,0,0,0,0
1801,5748,2,1,0,0,0,0,2,2
1802,2134,2,2,0,0,1,1,1,1
1803,3635,2,1,1,0,0,0,0,0
1804,2456,2,1,0,0,0,0,0,0
1805,7801,2,1,0,2,1,0,1,2
1806,9209,2,1,2,2,1,1,1,0
1807,5407,2,2,2,0,0,0,0,2
1808,6634,2,0,0,0,0,0,0,0
1809,7646,2,2,0,1,1,2,1,1
1810,11188,2,0,0,0,0,0,0,0
1811,8952,2,1,1,1,1,0,1,1
1812,8562,2,0,0,0,0,0,0,0
1813,5287,2,0,0,0,0,0,0,0
1814,2445,2,0,0,0,0,0,0,0
1815,6059,2,2,2,1,0,0,0,1
1816,4240,2,0,0,0,0,0,0,0
1817,3628,2,0,0,0,0,0,0,0
1818,5263,2,0,0,0,0,0,0,0
1819,1020,2,1,1,1,2,1,2,2
1820,5863,2,1,1,0,0,0,0,1
1821,3717,2,1,1,0,0,0,0,2
1822,6730,2,0,0,0,0,0,0,0
1823,4998,2,0,1,0,1,1,0,2
1824,4754,2,0,0,0,0,0,0,0
1825,8870,2,1,0,0,0,0,1,2
1826,966,2,2,1,0,0,0,0,0
1827,4475,2,2,2,0,2,2,0,2
1828,7290,2,1,1,1,2,0,0,0
1829,3846,2,1,0,0,0,0,0,0
1830,4507,2,1,1,0,1,0,0,1
1831,11013,2,1,1,0,1,2,1,1
1832,4817,2,0,0,0,0,0,0,0
1833,2875,2,1,1,1,1,0,0,0
1834,10536,2,0,0,0,0,0,0,0
1835,3807,2,2,1,0,0,0,0,1
1836,9197,2,0,0,0,0,0,0,0
1837,3535,2,0,0,2,1,1,1,1
1838,9523,2,0,0,0,0,0,0,0
1839,1509,2,2,0,0,0,1,1,1
1840,5577,2,0,0,0,0,0,0,0
1841,1833,2,0,0,0,0,0,0,0
1842,10245,2,0,0,1,1,1,1,0
1843,5538,2,1,2,2,1,2,2,0
1844,1545,2,2,0,0,1,0,0,1
1845,146,2,1,2,1,1,0,1,0
1846,246,2,1,0,0,0,0,0,0
1847,375,2,0,1,1,1,1,0,0
1848,10022,2,0,0,0,0,0,0,0
1849,11010,2,0,0,0,0,0,0,0
1850,4356,2,1,2,0,0,0,0,2
1851,2320,2,2,1,0,0,0,0,0
1852,675,2,1,0,0,0,0,0,1
1853,6749,2,1,2,1,1,1,1,1
1854,1010,2,0,0,0,0,0,0,0
1855,3412,2,1,2,0,0,0,0,1
1856,606,2,0,0,0,0,0,0,0
1857,2975,2,2,1,1,2,2,0,1
1858,2894,2,1,2,2,2,0,0,0
1859,7613,2,1,0,0,0,0,0,0
1860,8015,2,1,1,1,1,1,0,0
1861,11166,2,1,0,0,0,0,0,0
1862,4066,2,0,0,0,0,0,0,0
1863,8414,2,0,0,0,0,0,0,0
1864,819,2,2,1,2,1,1,1,2
1865,7755,2,1,1,0,0,0,0,0
1866,8310,2,2,2,2,1,1,2,0
1867,213,2,0,0,0,0,0,0,0
1868,4252,2,0,0,0,0,0,0,0
1869,6218,2,1,1,0,0,0,0,0
1870,2410,2,0,1,1,1,2,1,1
1871,193,2,0,0,0,0,0,0,0
1872,3363,2,0,0,0,0,0,0,0
1873,1604,2,1,0,0,0,0,0,0
1874,2918,2,0,0,0,0,0,0,0
1875,8387,2,0,0,0,0,0,0,0
1876,3839,2,0,0,0,0,0,0,0
1877,2292,2,0,0,0,0,0,0,0
1878,10466,2,0,0,0,0,0,0,0
1879,8732,2,2,2,0,0,0,0,0
1880,3515,2,0,0,0,0,0,0,0
1881,2246,2,0,0,0,0,0,0,1
1882,5545,2,0,1,0,1,0,1,1
1883,1118,2,2,1,0,0,0,0,0
1884,7789,2,2,1,2,2,0,1,0
1885,5644,2,1,1,0,0,0,0,0
1886,697,2,1,2,1,2,0,0,1
1887,1627,2,1,1,1,0,1,2,0
1888,2740,2,0,0,0,0,0,0,0
1889,257,2,1,2,0,0,1,0,0
1890,4058,2,2,1,0,0,0,0,0
1891,7325,2,0,0,0,0,0,0,0
1892,1502,2,0,0,0,0,0,0,0
1893,4174,2,0,0,0,0,0,0,0
1894,9757,2,1,2,0,1,1,0,1
1895,1921,2,0,0,0,0,0,0,0
1896,4138,2,1,1,2,0,1,2,1
1897,1291,2,1,0,0,0,0,0,0
1898,803,2,0,0,0,0,0,0,0
1899,5153,2,2,2,1,1,1,1,0
1900,961,2,1,0,0,1,0,2,1
1901,6653,2,1,1,0,0,0,0,0
1902,2147,2,1,2,1,2,2,2,1
1903,3979,2,1,2,0,2,0,1,1
1904,6049,2,2,2,1,1,1,1,0
1905,3910,2,1,2,2,1,2,2,0
1906,11114,2,0,0,0,0,0,0,0
1907,9400,2,1,1,0,2,0,0,1
1908,7527,2,0,0,0,0,0,0,0
1909,10637,2,0,0,0,0,0,0,0
1910,2931,2,1,2,0,0,1,1,2
1911,9516,2,2,1,1,1,1,1,1
1912,5043,2,1,0,0,0,2,1,2
1913,339,2,1,1,0,0,0,0,0
1914,2516,2,0,0,0,0,0,0,0
1915,9010,2,1,2,2,2,2,1,2
1916,378,2,2,1,2,0,1,1,1
1917,5068,2,0,0,0,0,0,0,0
1918,7128,2,0,0,0,0,0,0,0
1919,1663,2,0,0,0,0,0,0,0
1920,1878,2,0,0,0,0,0,0,0
1921,6055,2,1,1,1,1,1,2,1
1922,3972,2,2,0,0,0,0,0,1
1923,8427,2,2,1,0,2,2,0,0
1924,10260,2,1,0,0,0,0,0,0
1925,8789,2,1,0,1,0,0,1,0
1926,4554,2,1,0,1,0,1,0,1
1927,8749,2,0,0,0,0,0,0,0
1928,7937,2,0,0,0,0,0,0,0
1929,4832,2,0,0,0,0,0,0,0
1930,9386,2,1,1,0,0,0,0,0
1931,1745,2,1,1,1,1,1,0,0
1932,10590,2,1,2,1,2,0,0,0
1933,7912,2,0,0,0,0,0,0,0
1934,7712,2,1,0,0,1,1,1,0
1935,1065,2,1,1,2,2,2,1,0
1936,2674,2,1,1,0,1,2,2,1
1937,3231,2,0,0,0,0,0,0,0
1938,5948,2,0,0,0,0,0,0,0
1939,9140,2,0,0,0,0,0,0,0
1940,10258,2,0,0,0,0,0,0,0
1941,5675,2,2,1,0,0,0,0,0
1942,4743,2,2,1,0,0,0,0,1
1943,7514,2,1,0,0,0,0,0,0
1944,8663,2,0,0,0,0,0,0,0
1945,4094,2,1,0,0,0,0,0,0
1946,5491,2,1,0,0,0,0,0,0
1947,361,2,0,0,0,0,0,0,0
1948,6376,2,1,0,1,0,1,0,1
1949,5229,2,0,0,0,0,0,0,0
1950,4086,2,0,0,0,0,0,0,0
1951,1362,2,1,0,1,0,2,0,1
1952,9349,2,1,1,0,0,1,2,0
1953,274,2,0,0,0,0,0,0,0
1954,922,2,0,0,0,0,0,0,0
1955,8588,2,1,0,0,0,0,0,0
1956,574,2,0,0,1,0,0,0,0
1957,6856,2,1,0,0,0,0,0,0
1958,1553,2,2,2,2,2,2,2,1
1959,4682,2,0,0,0,0,0,1,0
1960,8204,2,1,1,1,2,1,2,0
1961,5221,2,2,1,0,0,0,0,0
1962,5975,2,0,0,0,0,0,0,0
1963,4042,2,1,0,0,0,0,0,0
1964,9672,2,0,0,0,0,0,0,0
1965,4864,2,1,0,0,0,0,0,0
1966,4070,2,1,0,0,2,2,0,2
1967,217,2,2,1,0,2,2,0,0
1968,5286,2,0,0,0,0,0,0,0
1969,9559,2,2,2,0,0,0,0,0
1970,7787,2,2,1,0,0,0,0,1
1971,9988,2,2,1,0,0,1,1,0
1972,2939,2,0,2,2,2,0,0,0
1973,9743,2,2,2,1,0,1,1,1
1974,2005,2,0,0,0,0,0,0,0
1975,10770,2,2,0,2,1,2,1,0
1976,3594,2,2,1,0,0,0,0,1
1977,7706,2,2,1,2,0,2,2,1
1978,9,2,1,0,0,0,0,0,0
1979,9451,2,2,2,1,1,1,2,1
1980,2853,2,0,0,1,0,0,0,1
1981,1490,2,2,1,0,0,0,0,1
1982,4278,2,1,2,2,2,1,1,1
1983,1998,2,0,0,0,0,0,0,0
1984,7998,2,0,0,0,0,0,0,0
1985,2804,2,1,0,0,0,0,0,0
1986,3745,2,0,0,1,0,0,0,0
1987,9771,2,1,0,0,0,0,0,0
1988,451,2,0,0,0,0,0,0,0
1989,528,2,1,0,1,2,2,2,1
1990,73,2,0,0,0,0,0,0,0
1991,5589,2,2,1,0,0,0,0,0
1992,591,2,2,1,1,0,1,1,1
1993,2544,2,0,0,0,0,0,0,0
1994,7321,2,0,1,0,1,1,0,2
1995,7791,2,0,0,0,0,0,0,0
1996,955,2,1,0,0,0,0,0,0
1997,4037,2,0,0,0,0,0,0,0
1998,7476,2,2,2,1,1,0,0,0
1999,9916,2,0,0,0,0,0,0,0
2000,9298,2,1,2,0,1,1,1,0
2001,8175,2,0,0,0,0,0,0,0
2002,6257,2,1,0,1,0,0,0,0
2003,3503,2,0,0,1,2,1,0,0
2004,5223,2,0,0,0,0,0,0,0
2005,5185,2,0,0,1,1,1,2,0
2006,2262,2,1,0,0,0,0,0,0
2007,24,2,1,0,0,0,0,0,0
2008,3409,2,1,0,0,0,0,0,0
2009,2565,2,1,2,0,1,0,0,1
2010,11092,2,0,0,0,0,0,0,0
2011,5062,2,0,0,0,0,0,0,0
2012,6729,2,1,1,0,2,1,2,0
2013,1764,2,1,0,0,0,0,0,0
2014,3298,2,2,2,0,0,0,0,2
2015,5120,2,1,1,2,1,2,1,0
2016,1665,2,1,2,0,0,0,0,2
2017,3829,2,0,0,0,0,0,0,0
2018,7005,2,1,1,1,0,0,0,1
2019,8079,2,0,0,0,0,0,0,0
2020,1834,2,0,0,0,0,0,0,0
2021,1404,2,1,0,0,0,0,0,0
2022,6457,2,2,1,0,1,0,0,1
2023,6437,2,0,0,0,0,0,0,0
2024,7327,2,0,0,0,0,0,0,0
2025,4127,2,2,2,1,1,1,1,0
2026,5939,2,0,0,0,0,0,0,0
2027,10323,2,1,0,0,0,0,0,0
2028,7947,2,0,0,0,0,0,0,0
2029,295,2,1,1,1,1,2,1,1
2030,6349,2,1,1,1,1,1,1,1
2031,10398,2,0,0,0,0,0,0,0
2032,2431,2,0,0,0,0,0,0,0
2033,550,2,1,0,2,1,1,0,0
2034,1890,2,0,0,0,0,0,0,0
2035,10742,2,0,1,0,0,0,0,0
2036,4676,2,2,1,1,1,2,2,1
2037,8852,2,2,1,2,1,0,1,2
2038,1958,2,2,1,0,0,0,0,0
2039,7732,2,1,1,0,0,2,1,1
2040,8070,2,0,0,0,0,0,0,0
2041,2202,2,0,0,0,0,0,0,0
2042,7396,2,2,1,1,2,2,1,0
2043,10340,2,1,0,0,0,0,1,2
2044,10091,2,1,1,0,1,0,1,0
2045,10640,2,1,0,0,0,0,0,0
2046,6742,2,0,0,0,0,0,0,0
2047,1172,2,2,2,1,2,0,0,0
2048,1744,2,0,0,0,0,0,0,0
2049,10304,2,0,0,0,0,0,0,0
2050,4351,2,0,0,0,0,0,0,0
2051,5796,2,1,1,0,1,0,1,0
2052,48,2,0,0,0,0,0,0,0
2053,9710,2,2,1,0,0,0,0,0
2054,9292,2,1,1,2,2,0,2,1
2055,5847,2,2,1,0,1,1,1,2
2056,3798,2,0,0,0,0,0,0,0
2057,5883,2,1,0,2,1,0,2,1
2058,2118,2,1,0,1,0,1,2,1
2059,4328,2,0,0,0,0,0,0,0
2060,9167,2,2,1,1,1,1,1,1
2061,8312,2,0,0,0,0,0,0,0
2062,7592,2,0,0,0,0,0,0,0
2063,8895,2,1,1,1,2,0,0,0
2064,7433,2,1,0,0,0,0,0,0
2065,5283,2,0,0,0,0,0,0,0
2066,9645,2,2,2,2,0,0,1,0
2067,10678,2,2,1,0,0,0,0,0
2068,1513,2,2,1,0,0,2,2,2
2069,7960,2,2,2,0,1,2,0,1
2070,1250,2,0,0,0,0,0,0,0
2071,9905,2,1,0,0,0,0,0,1
2072,2952,2,0,0,0,0,0,0,0
2073,8439,2,1,2,0,0,0,1,0
2074,2831,2,2,1,1,1,2,1,2
2075,6977,2,2,2,0,2,2,1,0
2076,6289,2,0,0,0,0,0,0,0
2077,8397,2,0,0,0,0,0,0,0
2078,6237,2,1,0,0,0,0,0,2
2079,3130,2,0,0,0,0,0,0,0
2080,1990,2,1,2,1,2,1,1,0
2081,269,2,2,2,0,0,0,1,1
2082,8093,2,0,1,0,1,0,1,0
2083,10513,2,1,1,2,2,1,2,1
2084,2549,2,0,0,0,0,0,0,0
2085,10057,2,2,1,0,1,1,2,2
2086,10307,2,1,1,0,0,0,0,0
2087,2415,2,1,1,0,1,1,1,1
2088,1440,2,2,1,0,1,1,2,2
2089,5441,2,1,0,0,0,0,0,1
2090,4687,2,1,1,1,2,0,0,1
2091,7129,2,2,1,0,0,0,0,0
2092,6906,2,1,0,1,2,1,1,1
2093,7419,2,0,0,0,0,0,0,0
2094,3170,2,0,1,1,1,0,1,1
2095,5010,2,0,0,0,0,0,0,0
2096,11148,2,0,0,0,0,0,0,0
2097,2886,2,2,2,0,0,0,0,0
2098,6710,2,0,0,0,0,0,0,0
2099,5316,2,0,0,0,0,0,0,0
2100,9029,2,1,1,1,2,1,1,0
2101,4227,2,0,0,0,0,0,0,0
2102,3286,2,0,0,0,0,0,0,0
2103,8602,2,2,1,2,0,2,2,1
2104,3722,2,0,0,0,0,0,0,0
2105,4796,2,0,0,0,0,0,0,0
2106,3426,2,2,2,1,1,1,1,0
2107,6461,2,1,1,1,0,0,0,1
2108,10702,2,1,0,0,0,1,1,0
2109,5113,2,1,1,2,2,1,1,0
2110,2961,2,1,0,0,0,1,0,0
2111,2747,2,1,2,2,2,2,1,2
2112,3010,2,1,2,2,2,1,1,2
2113,1743,2,0,0,1,1,2,0,0
2114,5558,2,0,2,0,1,1,1,1
2115,8780,2,1,1,0,0,0,0,0
2116,5896,2,0,0,0,0,0,0,0
2117,2337,2,0,0,0,0,0,0,0
2118,17,2,2,1,1,1,0,0,1
2119,10680,2,0,0,0,0,0,0,0
2120,5623,2,0,0,0,0,0,0,0
2121,6417,2,1,2,2,1,1,1,0
2122,5831,2,1,2,1,1,1,1,2
2123,4385,2,0,0,0,0,0,0,0
2124,10686,2,0,0,0,0,0,0,0
2125,3138,2,1,2,0,0,1,2,0
2126,5734,2,0,0,0,0,0,0,0
2127,2878,2,1,0,0,0,0,0,1
2128,5138,2,0,0,0,0,0,0,0
2129,10413,2,1,1,1,1,2,2,2
2130,5015,2,0,0,0,0,0,0,0
2131,10868,2,1,1,1,2,1,0,1
2132,6663,2,0,0,0,0,0,0,0
2133,8360,2,0,0,0,0,0,0,0
2134,3032,2,1,0,1,0,0,0,0
2135,8212,2,0,0,0,0,0,0,0
2136,10164,2,1,2,1,1,1,2,0
2137,4547,2,0,0,0,0,0,0,0
2138,4122,2,1,1,0,0,2,0,0
2139,176,2,0,0,1,0,0,1,1
2140,7181,2,0,0,0,0,0,0,0
2141,405,2,1,1,0,0,0,0,1
2142,6870,2,0,0,0,0,0,0,0
2143,832,2,2,1,0,0,0,0,0
2144,2002,2,1,1,1,2,2,1,1
2145,500,2,1,2,1,2,0,2,0
2146,1951,2,2,0,2,0,2,2,0
2147,10598,2,0,0,0,0,0,0,0
2148,2375,2,0,0,0,0,0,0,0
2149,10001,2,1,0,0,0,0,0,0
2150,3945,2,2,1,1,1,0,0,0
2151,8625,2,0,0,0,0,0,0,0
2152,983,2,1,0,0,0,0,0,2
2153,4786,2,2,1,1,1,1,1,1
2154,6568,2,0,0,0,0,0,0,0
2155,5631,2,1,0,1,1,1,1,2
2156,4974,2,2,1,1,2,0,2,1
2157,5454,2,0,0,0,0,0,0,0
2158,4095,2,2,0,1,0,1,1,1
2159,5474,2,1,0,0,0,0,0,0
2160,6382,2,0,0,0,0,0,0,0
2161,7441,2,2,2,2,1,0,0,0
2162,8775,2,0,0,0,0,0,0,0
2163,322,2,0,0,0,0,0,0,0
2164,123,2,0,1,1,0,0,2,1
2165,7899,2,1,2,1,1,0,0,0
2166,10500,2,0,0,0,0,0,0,0
2167,1655,2,0,0,0,0,0,0,0
2168,2712,2,1,0,2,0,1,1,0
2169,2254,2,1,1,2,1,1,1,1
2170,954,2,0,0,0,0,0,0,0
2171,11031,2,0,0,0,0,0,0,0
2172,3422,2,0,2,0,0,0,0,1
2173,2909,2,1,2,0,1,0,0,0
2174,3104,2,1,2,1,2,1,1,0
2175,11091,2,0,0,0,0,0,0,0
2176,1916,2,1,0,0,0,0,0,0
2177,9907,2,2,2,0,0,0,0,1
2178,6262,2,1,2,1,1,1,1,2
2179,10067,2,0,0,0,0,0,0,0
2180,4915,2,2,0,1,0,2,0,2
2181,2115,2,0,0,0,0,0,0,0
2182,2088,2,1,2,0,1,1,0,1
2183,3006,2,0,0,0,0,0,0,0
2184,11181,2,0,0,0,0,0,0,0
2185,642,2,0,0,0,0,0,0,0
2186,2948,2,0,0,0,0,0,0,0
2187,7124,2,0,0,0,0,0,0,0
2188,9481,2,1,0,0,0,0,0,0
2189,10157,2,0,0,0,0,0,1,0
2190,5667,2,2,2,0,1,1,1,2
2191,902,2,1,0,0,0,0,0,0
2192,9706,2,0,0,0,0,0,0,0
2193,3520,2,0,0,0,2,0,0,1
2194,10394,2,1,1,2,0,1,2,2
2195,3968,2,2,2,0,0,0,0,2
2196,4541,2,0,0,0,0,0,0,0
2197,8858,2,2,1,0,0,0,0,0
2198,3266,2,0,0,1,0,0,0,0
2199,7620,2,0,0,0,0,0,0,0
2200,2736,2,1,1,2,0,1,1,1
2201,5959,2,1,0,0,0,0,0,0
2202,4333,2,0,0,0,0,0,0,0
2203,692,2,0,0,0,0,0,0,0
2204,736,2,0,0,0,0,0,0,0
2205,9246,2,1,0,0,0,0,0,1
2206,6261,2,1,0,0,0,0,1,0
2207,4478,2,2,1,0,0,0,0,1
2208,7004,2,1,0,0,0,0,0,0
2209,9817,2,2,2,0,0,0,0,0
2210,8372,2,0,0,0,0,0,0,0
2211,7270,2,1,2,1,1,0,0,0
